INSERT INTO sacco (id, name, created_at) VALUES ('sacco-01', 'Pearl of Africa SACCO', '2025-01-01');
INSERT INTO associations (id, sacco_id, name, type, created_at) VALUES ('assoc-bakery', 'sacco-01', 'Golden Crust Bakery', 'project', '2025-01-01');
INSERT INTO associations (id, sacco_id, name, type, created_at) VALUES ('assoc-hatchery', 'sacco-01', 'Sunrise Hatchery', 'project', '2025-01-01');
INSERT INTO staff (id, association_id, full_name, role, salary) VALUES ('spp9vvof92', 'assoc-bakery', 'Sarah Kazibwe', 'Baker/Staff', 400000);
INSERT INTO staff (id, association_id, full_name, role, salary) VALUES ('sof4vyqfgl', 'assoc-bakery', 'Grace Sserwadda', 'Baker/Staff', 400000);
INSERT INTO staff (id, association_id, full_name, role, salary) VALUES ('ybypl6e1u2', 'assoc-bakery', 'Musa Tumusiime', 'Baker/Staff', 400000);
INSERT INTO staff (id, association_id, full_name, role, salary) VALUES ('vvppp6peu5t', 'assoc-bakery', 'Sarah Ssekyanzi', 'Baker/Staff', 400000);
INSERT INTO staff (id, association_id, full_name, role, salary) VALUES ('grtujhsvtrt', 'assoc-bakery', 'Moses Aketch', 'Baker/Staff', 400000);
INSERT INTO staff (id, association_id, full_name, role, salary) VALUES ('vzz9wmngb8l', 'assoc-bakery', 'Rebecca Ssemwogerere', 'Baker/Staff', 400000);
INSERT INTO staff (id, association_id, full_name, role, salary) VALUES ('ooj2u97bay', 'assoc-bakery', 'Patrick Komakech', 'Baker/Staff', 400000);
INSERT INTO staff (id, association_id, full_name, role, salary) VALUES ('7btnwmladnp', 'assoc-bakery', 'James Ssekyanzi', 'Baker/Staff', 400000);
INSERT INTO staff (id, association_id, full_name, role, salary) VALUES ('cvm70mz0cys', 'assoc-bakery', 'Sarah Nassiwa', 'Baker/Staff', 400000);
INSERT INTO staff (id, association_id, full_name, role, salary) VALUES ('8g7d1cposkm', 'assoc-bakery', 'Peace Nantume', 'Baker/Staff', 400000);
INSERT INTO staff (id, association_id, full_name, role, salary) VALUES ('7yxd84lqjmc', 'assoc-hatchery', 'Yusuf Namaganda', 'Farm Hand', 350000);
INSERT INTO staff (id, association_id, full_name, role, salary) VALUES ('o7xxw9456go', 'assoc-hatchery', 'Sharifah Kazibwe', 'Farm Hand', 350000);
INSERT INTO staff (id, association_id, full_name, role, salary) VALUES ('rii8nnf1l1n', 'assoc-hatchery', 'Moses Ssekyanzi', 'Farm Hand', 350000);
INSERT INTO staff (id, association_id, full_name, role, salary) VALUES ('rvgot5trkn', 'assoc-hatchery', 'Najat Kazibwe', 'Farm Hand', 350000);
INSERT INTO staff (id, association_id, full_name, role, salary) VALUES ('e2q4lun5zw6', 'assoc-hatchery', 'Hussein Ssemwogerere', 'Farm Hand', 350000);
INSERT INTO staff (id, association_id, full_name, role, salary) VALUES ('o1okiezgz7', 'assoc-hatchery', 'Latif Ssemwogerere', 'Farm Hand', 350000);
INSERT INTO staff (id, association_id, full_name, role, salary) VALUES ('g0ipwytxwk7', 'assoc-hatchery', 'Zainab Baguma', 'Farm Hand', 350000);
INSERT INTO staff (id, association_id, full_name, role, salary) VALUES ('v0fd6ku07no', 'assoc-hatchery', 'Zainab Oryema', 'Farm Hand', 350000);
INSERT INTO staff (id, association_id, full_name, role, salary) VALUES ('l90lrcnxzq', 'assoc-hatchery', 'Hassan Mutesi', 'Farm Hand', 350000);
INSERT INTO staff (id, association_id, full_name, role, salary) VALUES ('wi0go32hk7', 'assoc-hatchery', 'Yusuf Baguma', 'Farm Hand', 350000);
INSERT INTO members (id, sacco_id, full_name, phone, member_number, address, next_of_kin_name, next_of_kin_phone, created_at) VALUES ('member-01', 'sacco-01', 'Fatuma Kazibwe', '0704257564', 'MBR2025001', 'Village C, Zone 1', 'Joy Mutesi', '0758881866', '2025-01-15');
INSERT INTO members (id, sacco_id, full_name, phone, member_number, address, next_of_kin_name, next_of_kin_phone, created_at) VALUES ('member-02', 'sacco-01', 'Mohammed Tumusiime', '0775162257', 'MBR2025002', 'Village B, Zone 2', 'Ramathan Ssekyanzi', '0755421389', '2025-01-15');
INSERT INTO members (id, sacco_id, full_name, phone, member_number, address, next_of_kin_name, next_of_kin_phone, created_at) VALUES ('member-03', 'sacco-01', 'Hassan Mutesi', '0785155347', 'MBR2025003', 'Village D, Zone 2', 'Patrick Kibuuka', '0759205892', '2025-01-15');
INSERT INTO members (id, sacco_id, full_name, phone, member_number, address, next_of_kin_name, next_of_kin_phone, created_at) VALUES ('member-04', 'sacco-01', 'Faridah Walusimbi', '0772281298', 'MBR2025004', 'Village D, Zone 4', 'Rebecca Mutesi', '0707051570', '2025-01-15');
INSERT INTO members (id, sacco_id, full_name, phone, member_number, address, next_of_kin_name, next_of_kin_phone, created_at) VALUES ('member-05', 'sacco-01', 'James Namaganda', '0787028372', 'MBR2025005', 'Village A, Zone 5', 'John Okot', '0785808923', '2025-01-15');
INSERT INTO members (id, sacco_id, full_name, phone, member_number, address, next_of_kin_name, next_of_kin_phone, created_at) VALUES ('member-06', 'sacco-01', 'Yusuf Okot', '0704597226', 'MBR2025006', 'Village D, Zone 5', 'Simon Kazibwe', '0705857256', '2025-01-15');
INSERT INTO members (id, sacco_id, full_name, phone, member_number, address, next_of_kin_name, next_of_kin_phone, created_at) VALUES ('member-07', 'sacco-01', 'Khadiijah Ssekyanzi', '0776761265', 'MBR2025007', 'Village A, Zone 1', 'Grace Lubwama', '0789016461', '2025-01-15');
INSERT INTO members (id, sacco_id, full_name, phone, member_number, address, next_of_kin_name, next_of_kin_phone, created_at) VALUES ('member-08', 'sacco-01', 'Sulaiman Kazibwe', '0707938283', 'MBR2025008', 'Village D, Zone 1', 'Aisha Nantume', '0779626972', '2025-01-15');
INSERT INTO members (id, sacco_id, full_name, phone, member_number, address, next_of_kin_name, next_of_kin_phone, created_at) VALUES ('member-09', 'sacco-01', 'Mohammed Mutesi', '0782202759', 'MBR2025009', 'Village B, Zone 4', 'Rebecca Namaganda', '0779712984', '2025-01-15');
INSERT INTO members (id, sacco_id, full_name, phone, member_number, address, next_of_kin_name, next_of_kin_phone, created_at) VALUES ('member-10', 'sacco-01', 'Peter Namaganda', '0753335400', 'MBR2025010', 'Village A, Zone 3', 'Mariam Ssekyanzi', '0776872736', '2025-01-15');
INSERT INTO members (id, sacco_id, full_name, phone, member_number, address, next_of_kin_name, next_of_kin_phone, created_at) VALUES ('member-11', 'sacco-01', 'Yusuf Komakech', '0786636140', 'MBR2025011', 'Village A, Zone 2', 'Rose Lubwama', '0708074421', '2025-01-15');
INSERT INTO members (id, sacco_id, full_name, phone, member_number, address, next_of_kin_name, next_of_kin_phone, created_at) VALUES ('member-12', 'sacco-01', 'Patrick Kazibwe', '0706053944', 'MBR2025012', 'Village B, Zone 3', 'Mariam Ssekyanzi', '0754048031', '2025-01-15');
INSERT INTO members (id, sacco_id, full_name, phone, member_number, address, next_of_kin_name, next_of_kin_phone, created_at) VALUES ('member-13', 'sacco-01', 'Hajat Nassiwa', '0701428003', 'MBR2025013', 'Village A, Zone 1', 'James Kazibwe', '0755285133', '2025-01-15');
INSERT INTO members (id, sacco_id, full_name, phone, member_number, address, next_of_kin_name, next_of_kin_phone, created_at) VALUES ('member-14', 'sacco-01', 'Moses Baguma', '0776190408', 'MBR2025014', 'Village C, Zone 2', 'Ramathan Kibuuka', '0752699851', '2025-01-15');
INSERT INTO members (id, sacco_id, full_name, phone, member_number, address, next_of_kin_name, next_of_kin_phone, created_at) VALUES ('member-15', 'sacco-01', 'Aisha Ssemwogerere', '0701060742', 'MBR2025015', 'Village C, Zone 2', 'Hussein Kibuuka', '0771622385', '2025-01-15');
INSERT INTO members (id, sacco_id, full_name, phone, member_number, address, next_of_kin_name, next_of_kin_phone, created_at) VALUES ('member-16', 'sacco-01', 'Abdul Ssekyanzi', '0772816191', 'MBR2025016', 'Village C, Zone 4', 'Umar Lubwama', '0776866162', '2025-01-15');
INSERT INTO members (id, sacco_id, full_name, phone, member_number, address, next_of_kin_name, next_of_kin_phone, created_at) VALUES ('member-17', 'sacco-01', 'Rebecca Aketch', '0751918984', 'MBR2025017', 'Village C, Zone 5', 'Hajat Okot', '0781846185', '2025-01-15');
INSERT INTO members (id, sacco_id, full_name, phone, member_number, address, next_of_kin_name, next_of_kin_phone, created_at) VALUES ('member-18', 'sacco-01', 'Musa Namaganda', '0701115202', 'MBR2025018', 'Village C, Zone 1', 'John Nassiwa', '0754274070', '2025-01-15');
INSERT INTO members (id, sacco_id, full_name, phone, member_number, address, next_of_kin_name, next_of_kin_phone, created_at) VALUES ('member-19', 'sacco-01', 'Moses Nantume', '0752767534', 'MBR2025019', 'Village B, Zone 4', 'Hassan Mutesi', '0701319593', '2025-01-15');
INSERT INTO members (id, sacco_id, full_name, phone, member_number, address, next_of_kin_name, next_of_kin_phone, created_at) VALUES ('member-20', 'sacco-01', 'Khadiijah Kazibwe', '0706477985', 'MBR2025020', 'Village D, Zone 4', 'Hussein Oryema', '0782810830', '2025-01-15');
INSERT INTO members (id, sacco_id, full_name, phone, member_number, address, next_of_kin_name, next_of_kin_phone, created_at) VALUES ('member-21', 'sacco-01', 'James Nantume', '0756189100', 'MBR2025021', 'Village C, Zone 3', 'Grace Ssekyanzi', '0781572223', '2025-01-15');
INSERT INTO members (id, sacco_id, full_name, phone, member_number, address, next_of_kin_name, next_of_kin_phone, created_at) VALUES ('member-22', 'sacco-01', 'Emmanuel Oryema', '0774086407', 'MBR2025022', 'Village C, Zone 5', 'Ismail Lubwama', '0708266787', '2025-01-15');
INSERT INTO members (id, sacco_id, full_name, phone, member_number, address, next_of_kin_name, next_of_kin_phone, created_at) VALUES ('member-23', 'sacco-01', 'Peace Nassiwa', '0776862256', 'MBR2025023', 'Village A, Zone 2', 'Khadiijah Walusimbi', '0704947053', '2025-01-15');
INSERT INTO members (id, sacco_id, full_name, phone, member_number, address, next_of_kin_name, next_of_kin_phone, created_at) VALUES ('member-24', 'sacco-01', 'Zainab Kibuuka', '0702213071', 'MBR2025024', 'Village D, Zone 5', 'David Aketch', '0752111873', '2025-01-15');
INSERT INTO members (id, sacco_id, full_name, phone, member_number, address, next_of_kin_name, next_of_kin_phone, created_at) VALUES ('member-25', 'sacco-01', 'Moses Nassiwa', '0753494223', 'MBR2025025', 'Village D, Zone 4', 'Faridah Bukenya', '0708648145', '2025-01-15');
INSERT INTO members (id, sacco_id, full_name, phone, member_number, address, next_of_kin_name, next_of_kin_phone, created_at) VALUES ('member-26', 'sacco-01', 'Latif Komakech', '0707074463', 'MBR2025026', 'Village D, Zone 5', 'Rebecca Oryema', '0789824116', '2025-01-15');
INSERT INTO members (id, sacco_id, full_name, phone, member_number, address, next_of_kin_name, next_of_kin_phone, created_at) VALUES ('member-27', 'sacco-01', 'Ismail Nassiwa', '0774033635', 'MBR2025027', 'Village A, Zone 2', 'Rebecca Kazibwe', '0757970074', '2025-01-15');
INSERT INTO members (id, sacco_id, full_name, phone, member_number, address, next_of_kin_name, next_of_kin_phone, created_at) VALUES ('member-28', 'sacco-01', 'Doreen Sserwadda', '0751486512', 'MBR2025028', 'Village A, Zone 5', 'Rose Ssemwogerere', '0756273630', '2025-01-15');
INSERT INTO members (id, sacco_id, full_name, phone, member_number, address, next_of_kin_name, next_of_kin_phone, created_at) VALUES ('member-29', 'sacco-01', 'Emmanuel Tumusiime', '0701475838', 'MBR2025029', 'Village B, Zone 4', 'Faith Kibuuka', '0783458736', '2025-01-15');
INSERT INTO members (id, sacco_id, full_name, phone, member_number, address, next_of_kin_name, next_of_kin_phone, created_at) VALUES ('member-30', 'sacco-01', 'Sharifah Mutesi', '0786856179', 'MBR2025030', 'Village B, Zone 1', 'Simon Aketch', '0772498356', '2025-01-15');
INSERT INTO transactions (id, association_id, type, category, amount, description, date) VALUES ('96trf6w9f94', 'assoc-bakery', 'income', 'sales', 384668, 'Daily Bread & Cake Sales', '2025-07-01');
INSERT INTO transactions (id, association_id, type, category, amount, description, date) VALUES ('wk9irb6syx', 'assoc-hatchery', 'income', 'sales', 315391, 'Tray Sales (Eggs)', '2025-07-01');
INSERT INTO savings (id, member_id, type, amount, date) VALUES ('nz1inc8u5er', 'member-27', 'deposit', 67153, '2025-07-01');
INSERT INTO transactions (id, association_id, type, category, amount, description, date) VALUES ('skykth3e4ag', 'assoc-bakery', 'income', 'sales', 591409, 'Daily Bread & Cake Sales', '2025-07-02');
INSERT INTO transactions (id, association_id, type, category, amount, description, date) VALUES ('4ldskaecog5', 'assoc-bakery', 'expense', 'supplies', 187271, 'Flour, Sugar, Yeast', '2025-07-02');
INSERT INTO transactions (id, association_id, type, category, amount, description, date) VALUES ('wvxuwnzg7kf', 'assoc-hatchery', 'income', 'sales', 168552, 'Tray Sales (Eggs)', '2025-07-02');
INSERT INTO transactions (id, association_id, type, category, amount, description, date) VALUES ('j7e6lv0v4ci', 'assoc-bakery', 'income', 'sales', 664927, 'Daily Bread & Cake Sales', '2025-07-03');
INSERT INTO transactions (id, association_id, type, category, amount, description, date) VALUES ('vgx2ryb6zp', 'assoc-hatchery', 'income', 'sales', 412149, 'Tray Sales (Eggs)', '2025-07-03');
INSERT INTO shares (id, member_id, amount, date) VALUES ('s0mc0jvb6g', 'member-10', 100000, '2025-07-03');
INSERT INTO transactions (id, association_id, type, category, amount, description, date) VALUES ('8exyvez9q0s', 'assoc-bakery', 'income', 'sales', 730826, 'Daily Bread & Cake Sales', '2025-07-04');
INSERT INTO transactions (id, association_id, type, category, amount, description, date) VALUES ('ritltb9iia', 'assoc-bakery', 'expense', 'supplies', 198551, 'Flour, Sugar, Yeast', '2025-07-04');
INSERT INTO transactions (id, association_id, type, category, amount, description, date) VALUES ('ahsxgda5k7', 'assoc-hatchery', 'income', 'sales', 452561, 'Tray Sales (Eggs)', '2025-07-04');
INSERT INTO transactions (id, association_id, type, category, amount, description, date) VALUES ('b3v7rylpe1', 'assoc-hatchery', 'income', 'sales', 310545, 'Tray Sales (Eggs)', '2025-07-05');
INSERT INTO transactions (id, association_id, type, category, amount, description, date) VALUES ('lm4gy6ortg', 'assoc-hatchery', 'expense', 'supplies', 285169, 'Chicken Feed', '2025-07-05');
INSERT INTO transactions (id, association_id, type, category, amount, description, date) VALUES ('5r4gsuln0od', 'assoc-bakery', 'income', 'sales', 660063, 'Daily Bread & Cake Sales', '2025-07-06');
INSERT INTO transactions (id, association_id, type, category, amount, description, date) VALUES ('49kaf0mcu4l', 'assoc-hatchery', 'income', 'sales', 277315, 'Tray Sales (Eggs)', '2025-07-06');
INSERT INTO savings (id, member_id, type, amount, date) VALUES ('qhrytgfzsan', 'member-11', 'deposit', 55784, '2025-07-06');
INSERT INTO transactions (id, association_id, type, category, amount, description, date) VALUES ('dkeo9y49565', 'assoc-bakery', 'income', 'sales', 408403, 'Daily Bread & Cake Sales', '2025-07-07');
INSERT INTO shares (id, member_id, amount, date) VALUES ('v65gz28v6b', 'member-03', 100000, '2025-07-07');
INSERT INTO savings (id, member_id, type, amount, date) VALUES ('c6cu6954wcf', 'member-03', 'deposit', 37504, '2025-07-07');
INSERT INTO savings (id, member_id, type, amount, date) VALUES ('hl5tnmo9zm6', 'member-03', 'withdrawal', 25157, '2025-07-07');
INSERT INTO transactions (id, association_id, type, category, amount, description, date) VALUES ('0e0w5vwj8luj', 'assoc-bakery', 'income', 'sales', 710087, 'Daily Bread & Cake Sales', '2025-07-08');
INSERT INTO transactions (id, association_id, type, category, amount, description, date) VALUES ('dqbvz3138jq', 'assoc-hatchery', 'income', 'sales', 523275, 'Tray Sales (Eggs)', '2025-07-08');
INSERT INTO transactions (id, association_id, type, category, amount, description, date) VALUES ('nxk1yflzrrd', 'assoc-hatchery', 'expense', 'supplies', 228608, 'Chicken Feed', '2025-07-08');
INSERT INTO shares (id, member_id, amount, date) VALUES ('18nfimko15a', 'member-28', 150000, '2025-07-08');
INSERT INTO savings (id, member_id, type, amount, date) VALUES ('04ocuu8nsn58', 'member-28', 'deposit', 99330, '2025-07-08');
INSERT INTO transactions (id, association_id, type, category, amount, description, date) VALUES ('rwls4h2n1m', 'assoc-bakery', 'income', 'sales', 254425, 'Daily Bread & Cake Sales', '2025-07-09');
INSERT INTO transactions (id, association_id, type, category, amount, description, date) VALUES ('334z5p3aicy', 'assoc-hatchery', 'income', 'sales', 294946, 'Tray Sales (Eggs)', '2025-07-09');
INSERT INTO transactions (id, association_id, type, category, amount, description, date) VALUES ('l92oi8i84ie', 'assoc-hatchery', 'expense', 'supplies', 236845, 'Chicken Feed', '2025-07-09');
INSERT INTO savings (id, member_id, type, amount, date) VALUES ('n9vsu4yqknr', 'member-23', 'deposit', 63326, '2025-07-09');
INSERT INTO transactions (id, association_id, type, category, amount, description, date) VALUES ('a8tzksrdpfo', 'assoc-bakery', 'expense', 'supplies', 140181, 'Flour, Sugar, Yeast', '2025-07-10');
INSERT INTO transactions (id, association_id, type, category, amount, description, date) VALUES ('xvg40ic2lcc', 'assoc-hatchery', 'income', 'sales', 500644, 'Tray Sales (Eggs)', '2025-07-10');
INSERT INTO savings (id, member_id, type, amount, date) VALUES ('xlqosl0xu4', 'member-04', 'deposit', 32938, '2025-07-10');
INSERT INTO transactions (id, association_id, type, category, amount, description, date) VALUES ('o7jy4or4bt', 'assoc-bakery', 'income', 'sales', 785509, 'Daily Bread & Cake Sales', '2025-07-11');
INSERT INTO transactions (id, association_id, type, category, amount, description, date) VALUES ('6harx0bpkfq', 'assoc-bakery', 'expense', 'supplies', 162383, 'Flour, Sugar, Yeast', '2025-07-11');
INSERT INTO transactions (id, association_id, type, category, amount, description, date) VALUES ('s93y9fj2gbq', 'assoc-hatchery', 'expense', 'supplies', 247790, 'Chicken Feed', '2025-07-11');
INSERT INTO shares (id, member_id, amount, date) VALUES ('m4p87ck8yr', 'member-03', 50000, '2025-07-11');
INSERT INTO transactions (id, association_id, type, category, amount, description, date) VALUES ('7xwtx8t7nq6', 'assoc-bakery', 'income', 'sales', 437866, 'Daily Bread & Cake Sales', '2025-07-12');
INSERT INTO transactions (id, association_id, type, category, amount, description, date) VALUES ('z6b3xm86l9', 'assoc-bakery', 'expense', 'supplies', 136824, 'Flour, Sugar, Yeast', '2025-07-12');
INSERT INTO transactions (id, association_id, type, category, amount, description, date) VALUES ('1n7f1jb2oqnj', 'assoc-hatchery', 'income', 'sales', 407950, 'Tray Sales (Eggs)', '2025-07-12');
INSERT INTO transactions (id, association_id, type, category, amount, description, date) VALUES ('gz6fytcxelo', 'assoc-hatchery', 'expense', 'supplies', 174319, 'Chicken Feed', '2025-07-12');
INSERT INTO transactions (id, association_id, type, category, amount, description, date) VALUES ('siz5kpxvbxi', 'assoc-bakery', 'income', 'sales', 479812, 'Daily Bread & Cake Sales', '2025-07-13');
INSERT INTO transactions (id, association_id, type, category, amount, description, date) VALUES ('1hiashji8ri', 'assoc-hatchery', 'income', 'sales', 281905, 'Tray Sales (Eggs)', '2025-07-13');
INSERT INTO transactions (id, association_id, type, category, amount, description, date) VALUES ('6sdyj84byhd', 'assoc-bakery', 'income', 'sales', 280450, 'Daily Bread & Cake Sales', '2025-07-14');
INSERT INTO transactions (id, association_id, type, category, amount, description, date) VALUES ('czkptrytu3f', 'assoc-hatchery', 'income', 'sales', 205086, 'Tray Sales (Eggs)', '2025-07-14');
INSERT INTO transactions (id, association_id, type, category, amount, description, date) VALUES ('t2nxc1ck1pi', 'assoc-bakery', 'income', 'sales', 205726, 'Daily Bread & Cake Sales', '2025-07-15');
INSERT INTO transactions (id, association_id, type, category, amount, description, date) VALUES ('6xga1utrt8', 'assoc-hatchery', 'expense', 'supplies', 275687, 'Chicken Feed', '2025-07-15');
INSERT INTO shares (id, member_id, amount, date) VALUES ('qlxuxolhz4d', 'member-20', 50000, '2025-07-15');
INSERT INTO transactions (id, association_id, type, category, amount, description, date) VALUES ('jg7jeygkmrg', 'assoc-bakery', 'expense', 'supplies', 84719, 'Flour, Sugar, Yeast', '2025-07-16');
INSERT INTO transactions (id, association_id, type, category, amount, description, date) VALUES ('dfijevut346', 'assoc-hatchery', 'income', 'sales', 570204, 'Tray Sales (Eggs)', '2025-07-16');
INSERT INTO transactions (id, association_id, type, category, amount, description, date) VALUES ('5w3m7otk48b', 'assoc-bakery', 'income', 'sales', 264837, 'Daily Bread & Cake Sales', '2025-07-17');
INSERT INTO transactions (id, association_id, type, category, amount, description, date) VALUES ('t03b8gkswu', 'assoc-bakery', 'expense', 'supplies', 113188, 'Flour, Sugar, Yeast', '2025-07-17');
INSERT INTO transactions (id, association_id, type, category, amount, description, date) VALUES ('c32bdp8fa29', 'assoc-hatchery', 'income', 'sales', 548437, 'Tray Sales (Eggs)', '2025-07-17');
INSERT INTO transactions (id, association_id, type, category, amount, description, date) VALUES ('6tb5v4few1o', 'assoc-hatchery', 'expense', 'supplies', 236315, 'Chicken Feed', '2025-07-17');
INSERT INTO savings (id, member_id, type, amount, date) VALUES ('c2hhxioh71g', 'member-29', 'deposit', 73063, '2025-07-17');
INSERT INTO savings (id, member_id, type, amount, date) VALUES ('885grrz6zuf', 'member-29', 'withdrawal', 42404, '2025-07-17');
INSERT INTO transactions (id, association_id, type, category, amount, description, date) VALUES ('ezvvi3t1um', 'assoc-bakery', 'income', 'sales', 763505, 'Daily Bread & Cake Sales', '2025-07-18');
INSERT INTO transactions (id, association_id, type, category, amount, description, date) VALUES ('jnjggbq9atc', 'assoc-hatchery', 'expense', 'supplies', 131888, 'Chicken Feed', '2025-07-18');
INSERT INTO shares (id, member_id, amount, date) VALUES ('zg80s2jpg5j', 'member-16', 50000, '2025-07-18');
INSERT INTO savings (id, member_id, type, amount, date) VALUES ('o0tmv5yxg5d', 'member-16', 'deposit', 41607, '2025-07-18');
INSERT INTO transactions (id, association_id, type, category, amount, description, date) VALUES ('2m10gwq3rkh', 'assoc-bakery', 'income', 'sales', 777983, 'Daily Bread & Cake Sales', '2025-07-19');
INSERT INTO transactions (id, association_id, type, category, amount, description, date) VALUES ('2kh5t3gh5mb', 'assoc-bakery', 'expense', 'supplies', 191239, 'Flour, Sugar, Yeast', '2025-07-19');
INSERT INTO transactions (id, association_id, type, category, amount, description, date) VALUES ('p084s4ckwk', 'assoc-hatchery', 'income', 'sales', 405053, 'Tray Sales (Eggs)', '2025-07-19');
INSERT INTO transactions (id, association_id, type, category, amount, description, date) VALUES ('1rvg9xqw678', 'assoc-bakery', 'income', 'sales', 470566, 'Daily Bread & Cake Sales', '2025-07-20');
INSERT INTO transactions (id, association_id, type, category, amount, description, date) VALUES ('o13l7v41s69', 'assoc-bakery', 'expense', 'supplies', 60677, 'Flour, Sugar, Yeast', '2025-07-20');
INSERT INTO transactions (id, association_id, type, category, amount, description, date) VALUES ('v6rutf22jrg', 'assoc-hatchery', 'income', 'sales', 393869, 'Tray Sales (Eggs)', '2025-07-20');
INSERT INTO transactions (id, association_id, type, category, amount, description, date) VALUES ('eynhwhz5ntf', 'assoc-hatchery', 'expense', 'supplies', 115261, 'Chicken Feed', '2025-07-20');
INSERT INTO shares (id, member_id, amount, date) VALUES ('hmecp4613tp', 'member-04', 150000, '2025-07-20');
INSERT INTO transactions (id, association_id, type, category, amount, description, date) VALUES ('tfc5yj5djj', 'assoc-bakery', 'income', 'sales', 477303, 'Daily Bread & Cake Sales', '2025-07-21');
INSERT INTO transactions (id, association_id, type, category, amount, description, date) VALUES ('qyflxveuuhc', 'assoc-hatchery', 'income', 'sales', 293544, 'Tray Sales (Eggs)', '2025-07-21');
INSERT INTO shares (id, member_id, amount, date) VALUES ('129hia9jyoep', 'member-06', 100000, '2025-07-21');
INSERT INTO savings (id, member_id, type, amount, date) VALUES ('f7zail6o2y7', 'member-06', 'deposit', 64970, '2025-07-21');
INSERT INTO transactions (id, association_id, type, category, amount, description, date) VALUES ('hsf6wg1drjf', 'assoc-bakery', 'income', 'sales', 217663, 'Daily Bread & Cake Sales', '2025-07-22');
INSERT INTO transactions (id, association_id, type, category, amount, description, date) VALUES ('aswovvbqb89', 'assoc-bakery', 'expense', 'supplies', 140015, 'Flour, Sugar, Yeast', '2025-07-22');
INSERT INTO transactions (id, association_id, type, category, amount, description, date) VALUES ('2p5gkyzbsef', 'assoc-hatchery', 'income', 'sales', 262252, 'Tray Sales (Eggs)', '2025-07-22');
INSERT INTO savings (id, member_id, type, amount, date) VALUES ('rb449f7kt4', 'member-02', 'deposit', 35960, '2025-07-22');
INSERT INTO transactions (id, association_id, type, category, amount, description, date) VALUES ('d6s0tu0uye7', 'assoc-bakery', 'income', 'sales', 315196, 'Daily Bread & Cake Sales', '2025-07-23');
INSERT INTO transactions (id, association_id, type, category, amount, description, date) VALUES ('ecoy1vjopb', 'assoc-hatchery', 'income', 'sales', 491592, 'Tray Sales (Eggs)', '2025-07-23');
INSERT INTO shares (id, member_id, amount, date) VALUES ('hb2nxd0ty4', 'member-05', 100000, '2025-07-23');
INSERT INTO savings (id, member_id, type, amount, date) VALUES ('hd7hvsjxc3j', 'member-05', 'deposit', 47466, '2025-07-23');
INSERT INTO transactions (id, association_id, type, category, amount, description, date) VALUES ('73yp3idsz0j', 'assoc-bakery', 'income', 'sales', 699247, 'Daily Bread & Cake Sales', '2025-07-24');
INSERT INTO transactions (id, association_id, type, category, amount, description, date) VALUES ('55ua2pkczwn', 'assoc-bakery', 'expense', 'supplies', 184942, 'Flour, Sugar, Yeast', '2025-07-24');
INSERT INTO transactions (id, association_id, type, category, amount, description, date) VALUES ('3b415c8l7u', 'assoc-hatchery', 'income', 'sales', 270579, 'Tray Sales (Eggs)', '2025-07-24');
INSERT INTO shares (id, member_id, amount, date) VALUES ('xmjej92p36h', 'member-11', 50000, '2025-07-24');
INSERT INTO savings (id, member_id, type, amount, date) VALUES ('d9hfmpeh5xs', 'member-11', 'deposit', 42907, '2025-07-24');
INSERT INTO transactions (id, association_id, type, category, amount, description, date) VALUES ('mekg90xi3xo', 'assoc-bakery', 'income', 'sales', 739162, 'Daily Bread & Cake Sales', '2025-07-25');
INSERT INTO transactions (id, association_id, type, category, amount, description, date) VALUES ('34s3yq6j9aq', 'assoc-bakery', 'income', 'sales', 721087, 'Daily Bread & Cake Sales', '2025-07-26');
INSERT INTO transactions (id, association_id, type, category, amount, description, date) VALUES ('p4ongvf46x8', 'assoc-bakery', 'expense', 'supplies', 64921, 'Flour, Sugar, Yeast', '2025-07-26');
INSERT INTO transactions (id, association_id, type, category, amount, description, date) VALUES ('yipntuawsg', 'assoc-hatchery', 'income', 'sales', 261461, 'Tray Sales (Eggs)', '2025-07-26');
INSERT INTO transactions (id, association_id, type, category, amount, description, date) VALUES ('tx65tt6mcxe', 'assoc-hatchery', 'expense', 'supplies', 169253, 'Chicken Feed', '2025-07-26');
INSERT INTO transactions (id, association_id, type, category, amount, description, date) VALUES ('qpzl5t3gjg9', 'assoc-bakery', 'income', 'sales', 250658, 'Daily Bread & Cake Sales', '2025-07-27');
INSERT INTO transactions (id, association_id, type, category, amount, description, date) VALUES ('amadyx1jvqc', 'assoc-bakery', 'expense', 'supplies', 89479, 'Flour, Sugar, Yeast', '2025-07-27');
INSERT INTO transactions (id, association_id, type, category, amount, description, date) VALUES ('efwbswb32y', 'assoc-hatchery', 'income', 'sales', 594416, 'Tray Sales (Eggs)', '2025-07-27');
INSERT INTO shares (id, member_id, amount, date) VALUES ('k15dt7t1ylq', 'member-17', 50000, '2025-07-27');
INSERT INTO savings (id, member_id, type, amount, date) VALUES ('lin0rg3nxt', 'member-17', 'deposit', 14044, '2025-07-27');
INSERT INTO transactions (id, association_id, type, category, amount, description, date) VALUES ('6ig8snxhuuf', 'assoc-hatchery', 'income', 'sales', 461676, 'Tray Sales (Eggs)', '2025-07-28');
INSERT INTO transactions (id, association_id, type, category, amount, description, date) VALUES ('mfi3lf1f7l', 'assoc-hatchery', 'expense', 'supplies', 146846, 'Chicken Feed', '2025-07-28');
INSERT INTO transactions (id, association_id, type, category, amount, description, date) VALUES ('dibuzq9g1vj', 'assoc-bakery', 'income', 'sales', 334526, 'Daily Bread & Cake Sales', '2025-07-29');
INSERT INTO transactions (id, association_id, type, category, amount, description, date) VALUES ('aae4bcr97v', 'assoc-bakery', 'expense', 'supplies', 57110, 'Flour, Sugar, Yeast', '2025-07-29');
INSERT INTO transactions (id, association_id, type, category, amount, description, date) VALUES ('piuq8krtywb', 'assoc-hatchery', 'income', 'sales', 488794, 'Tray Sales (Eggs)', '2025-07-29');
INSERT INTO transactions (id, association_id, type, category, amount, description, date) VALUES ('14tyv6tmu7j', 'assoc-bakery', 'income', 'sales', 490321, 'Daily Bread & Cake Sales', '2025-07-30');
INSERT INTO transactions (id, association_id, type, category, amount, description, date) VALUES ('rl7bi7l9hwf', 'assoc-hatchery', 'expense', 'supplies', 200310, 'Chicken Feed', '2025-07-30');
INSERT INTO transactions (id, association_id, type, category, amount, description, date) VALUES ('ek7y3sqjbp7', 'assoc-bakery', 'income', 'sales', 453535, 'Daily Bread & Cake Sales', '2025-07-31');
INSERT INTO transactions (id, association_id, type, category, amount, description, date) VALUES ('9yvtw0xhd16', 'assoc-bakery', 'expense', 'supplies', 185472, 'Flour, Sugar, Yeast', '2025-07-31');
INSERT INTO transactions (id, association_id, type, category, amount, description, date) VALUES ('cospv57ssw', 'assoc-hatchery', 'income', 'sales', 258554, 'Tray Sales (Eggs)', '2025-07-31');
INSERT INTO transactions (id, association_id, type, category, amount, description, date) VALUES ('wwevfccgozd', 'assoc-bakery', 'expense', 'payroll', 400000, 'Salary Payment', '2025-07-31');
INSERT INTO payroll (id, staff_id, transaction_id, amount, date) VALUES ('ptu9uz9bbge', 'spp9vvof92', 'wwevfccgozd', 400000, '2025-07-31');
INSERT INTO transactions (id, association_id, type, category, amount, description, date) VALUES ('eso3v0paj7', 'assoc-bakery', 'expense', 'payroll', 400000, 'Salary Payment', '2025-07-31');
INSERT INTO payroll (id, staff_id, transaction_id, amount, date) VALUES ('ly8myup139h', 'sof4vyqfgl', 'eso3v0paj7', 400000, '2025-07-31');
INSERT INTO transactions (id, association_id, type, category, amount, description, date) VALUES ('3uwo14e00m9', 'assoc-bakery', 'expense', 'payroll', 400000, 'Salary Payment', '2025-07-31');
INSERT INTO payroll (id, staff_id, transaction_id, amount, date) VALUES ('zyccveymuye', 'ybypl6e1u2', '3uwo14e00m9', 400000, '2025-07-31');
INSERT INTO transactions (id, association_id, type, category, amount, description, date) VALUES ('i0rw7m4lmk', 'assoc-bakery', 'expense', 'payroll', 400000, 'Salary Payment', '2025-07-31');
INSERT INTO payroll (id, staff_id, transaction_id, amount, date) VALUES ('35fghhha2u', 'vvppp6peu5t', 'i0rw7m4lmk', 400000, '2025-07-31');
INSERT INTO transactions (id, association_id, type, category, amount, description, date) VALUES ('j34leos75z', 'assoc-bakery', 'expense', 'payroll', 400000, 'Salary Payment', '2025-07-31');
INSERT INTO payroll (id, staff_id, transaction_id, amount, date) VALUES ('sztu2hisvlg', 'grtujhsvtrt', 'j34leos75z', 400000, '2025-07-31');
INSERT INTO transactions (id, association_id, type, category, amount, description, date) VALUES ('9qoy101j7ma', 'assoc-bakery', 'expense', 'payroll', 400000, 'Salary Payment', '2025-07-31');
INSERT INTO payroll (id, staff_id, transaction_id, amount, date) VALUES ('68k66d563iy', 'vzz9wmngb8l', '9qoy101j7ma', 400000, '2025-07-31');
INSERT INTO transactions (id, association_id, type, category, amount, description, date) VALUES ('bimw4nxt9w6', 'assoc-bakery', 'expense', 'payroll', 400000, 'Salary Payment', '2025-07-31');
INSERT INTO payroll (id, staff_id, transaction_id, amount, date) VALUES ('iqzvutyuqsi', 'ooj2u97bay', 'bimw4nxt9w6', 400000, '2025-07-31');
INSERT INTO transactions (id, association_id, type, category, amount, description, date) VALUES ('agooc3cdmq', 'assoc-bakery', 'expense', 'payroll', 400000, 'Salary Payment', '2025-07-31');
INSERT INTO payroll (id, staff_id, transaction_id, amount, date) VALUES ('2vlk05y0mk7', '7btnwmladnp', 'agooc3cdmq', 400000, '2025-07-31');
INSERT INTO transactions (id, association_id, type, category, amount, description, date) VALUES ('ymhhyea03v', 'assoc-bakery', 'expense', 'payroll', 400000, 'Salary Payment', '2025-07-31');
INSERT INTO payroll (id, staff_id, transaction_id, amount, date) VALUES ('h3dgtxlar7r', 'cvm70mz0cys', 'ymhhyea03v', 400000, '2025-07-31');
INSERT INTO transactions (id, association_id, type, category, amount, description, date) VALUES ('tga3psex0op', 'assoc-bakery', 'expense', 'payroll', 400000, 'Salary Payment', '2025-07-31');
INSERT INTO payroll (id, staff_id, transaction_id, amount, date) VALUES ('5gr0b15vbr7', '8g7d1cposkm', 'tga3psex0op', 400000, '2025-07-31');
INSERT INTO transactions (id, association_id, type, category, amount, description, date) VALUES ('06wiom1ptm4h', 'assoc-hatchery', 'expense', 'payroll', 350000, 'Salary Payment', '2025-07-31');
INSERT INTO payroll (id, staff_id, transaction_id, amount, date) VALUES ('hb91hv5nggv', '7yxd84lqjmc', '06wiom1ptm4h', 350000, '2025-07-31');
INSERT INTO transactions (id, association_id, type, category, amount, description, date) VALUES ('29is1n2zmms', 'assoc-hatchery', 'expense', 'payroll', 350000, 'Salary Payment', '2025-07-31');
INSERT INTO payroll (id, staff_id, transaction_id, amount, date) VALUES ('bue5x5ehpfe', 'o7xxw9456go', '29is1n2zmms', 350000, '2025-07-31');
INSERT INTO transactions (id, association_id, type, category, amount, description, date) VALUES ('djczf0w9aqw', 'assoc-hatchery', 'expense', 'payroll', 350000, 'Salary Payment', '2025-07-31');
INSERT INTO payroll (id, staff_id, transaction_id, amount, date) VALUES ('eagmo17331o', 'rii8nnf1l1n', 'djczf0w9aqw', 350000, '2025-07-31');
INSERT INTO transactions (id, association_id, type, category, amount, description, date) VALUES ('zzxhw6degdo', 'assoc-hatchery', 'expense', 'payroll', 350000, 'Salary Payment', '2025-07-31');
INSERT INTO payroll (id, staff_id, transaction_id, amount, date) VALUES ('lxywq52vz29', 'rvgot5trkn', 'zzxhw6degdo', 350000, '2025-07-31');
INSERT INTO transactions (id, association_id, type, category, amount, description, date) VALUES ('wp1xfwb6si', 'assoc-hatchery', 'expense', 'payroll', 350000, 'Salary Payment', '2025-07-31');
INSERT INTO payroll (id, staff_id, transaction_id, amount, date) VALUES ('s1ou16o0gp', 'e2q4lun5zw6', 'wp1xfwb6si', 350000, '2025-07-31');
INSERT INTO transactions (id, association_id, type, category, amount, description, date) VALUES ('5mtg2jwuboc', 'assoc-hatchery', 'expense', 'payroll', 350000, 'Salary Payment', '2025-07-31');
INSERT INTO payroll (id, staff_id, transaction_id, amount, date) VALUES ('9a65swkmite', 'o1okiezgz7', '5mtg2jwuboc', 350000, '2025-07-31');
INSERT INTO transactions (id, association_id, type, category, amount, description, date) VALUES ('kihp9r9mvpe', 'assoc-hatchery', 'expense', 'payroll', 350000, 'Salary Payment', '2025-07-31');
INSERT INTO payroll (id, staff_id, transaction_id, amount, date) VALUES ('4ht1vl41xz3', 'g0ipwytxwk7', 'kihp9r9mvpe', 350000, '2025-07-31');
INSERT INTO transactions (id, association_id, type, category, amount, description, date) VALUES ('u1814jhzo0g', 'assoc-hatchery', 'expense', 'payroll', 350000, 'Salary Payment', '2025-07-31');
INSERT INTO payroll (id, staff_id, transaction_id, amount, date) VALUES ('ov3xpaj42n', 'v0fd6ku07no', 'u1814jhzo0g', 350000, '2025-07-31');
INSERT INTO transactions (id, association_id, type, category, amount, description, date) VALUES ('b0k1w4dxifw', 'assoc-hatchery', 'expense', 'payroll', 350000, 'Salary Payment', '2025-07-31');
INSERT INTO payroll (id, staff_id, transaction_id, amount, date) VALUES ('fychuo2kc69', 'l90lrcnxzq', 'b0k1w4dxifw', 350000, '2025-07-31');
INSERT INTO transactions (id, association_id, type, category, amount, description, date) VALUES ('svrc8gs5g69', 'assoc-hatchery', 'expense', 'payroll', 350000, 'Salary Payment', '2025-07-31');
INSERT INTO payroll (id, staff_id, transaction_id, amount, date) VALUES ('lujr15ec1bs', 'wi0go32hk7', 'svrc8gs5g69', 350000, '2025-07-31');
INSERT INTO transactions (id, association_id, type, category, amount, description, date) VALUES ('esfmcot6oog', 'assoc-bakery', 'income', 'sales', 730056, 'Daily Bread & Cake Sales', '2025-08-01');
INSERT INTO transactions (id, association_id, type, category, amount, description, date) VALUES ('9e700xfcyzp', 'assoc-hatchery', 'income', 'sales', 582839, 'Tray Sales (Eggs)', '2025-08-01');
INSERT INTO transactions (id, association_id, type, category, amount, description, date) VALUES ('02d39v90r6l9', 'assoc-hatchery', 'expense', 'supplies', 201699, 'Chicken Feed', '2025-08-01');
INSERT INTO shares (id, member_id, amount, date) VALUES ('68j712mlvvu', 'member-01', 100000, '2025-08-01');
INSERT INTO transactions (id, association_id, type, category, amount, description, date) VALUES ('thk4va29sy', 'assoc-bakery', 'income', 'sales', 473892, 'Daily Bread & Cake Sales', '2025-08-02');
INSERT INTO transactions (id, association_id, type, category, amount, description, date) VALUES ('6cnpko70e78', 'assoc-bakery', 'expense', 'supplies', 100255, 'Flour, Sugar, Yeast', '2025-08-02');
INSERT INTO transactions (id, association_id, type, category, amount, description, date) VALUES ('yho10i6um9', 'assoc-hatchery', 'income', 'sales', 236716, 'Tray Sales (Eggs)', '2025-08-02');
INSERT INTO shares (id, member_id, amount, date) VALUES ('hz9zf2y2kxc', 'member-02', 150000, '2025-08-02');
INSERT INTO savings (id, member_id, type, amount, date) VALUES ('z8ciqyuj86', 'member-02', 'deposit', 84086, '2025-08-02');
INSERT INTO transactions (id, association_id, type, category, amount, description, date) VALUES ('59i3gtpakwv', 'assoc-bakery', 'income', 'sales', 717763, 'Daily Bread & Cake Sales', '2025-08-03');
INSERT INTO transactions (id, association_id, type, category, amount, description, date) VALUES ('pzbrbabp6tc', 'assoc-bakery', 'expense', 'supplies', 175812, 'Flour, Sugar, Yeast', '2025-08-03');
INSERT INTO transactions (id, association_id, type, category, amount, description, date) VALUES ('i9fu6ftarz', 'assoc-hatchery', 'income', 'sales', 159476, 'Tray Sales (Eggs)', '2025-08-03');
INSERT INTO transactions (id, association_id, type, category, amount, description, date) VALUES ('nboo35k0hsj', 'assoc-hatchery', 'expense', 'supplies', 126764, 'Chicken Feed', '2025-08-03');
INSERT INTO transactions (id, association_id, type, category, amount, description, date) VALUES ('1swtp46443j', 'assoc-bakery', 'income', 'sales', 442976, 'Daily Bread & Cake Sales', '2025-08-04');
INSERT INTO transactions (id, association_id, type, category, amount, description, date) VALUES ('hgoqj2sth4o', 'assoc-hatchery', 'income', 'sales', 270964, 'Tray Sales (Eggs)', '2025-08-04');
INSERT INTO transactions (id, association_id, type, category, amount, description, date) VALUES ('ypi1r9wscol', 'assoc-hatchery', 'expense', 'supplies', 207209, 'Chicken Feed', '2025-08-04');
INSERT INTO transactions (id, association_id, type, category, amount, description, date) VALUES ('m58l8uje7bo', 'assoc-bakery', 'income', 'sales', 222599, 'Daily Bread & Cake Sales', '2025-08-05');
INSERT INTO transactions (id, association_id, type, category, amount, description, date) VALUES ('em3s4uzztb9', 'assoc-bakery', 'expense', 'supplies', 75710, 'Flour, Sugar, Yeast', '2025-08-05');
INSERT INTO transactions (id, association_id, type, category, amount, description, date) VALUES ('nzk72iimyg8', 'assoc-hatchery', 'income', 'sales', 445066, 'Tray Sales (Eggs)', '2025-08-05');
INSERT INTO shares (id, member_id, amount, date) VALUES ('ynqx4bvqip', 'member-13', 50000, '2025-08-05');
INSERT INTO transactions (id, association_id, type, category, amount, description, date) VALUES ('dzxd7l8u2yc', 'assoc-bakery', 'income', 'sales', 611261, 'Daily Bread & Cake Sales', '2025-08-06');
INSERT INTO transactions (id, association_id, type, category, amount, description, date) VALUES ('xshar2ic7lo', 'assoc-hatchery', 'income', 'sales', 545510, 'Tray Sales (Eggs)', '2025-08-06');
INSERT INTO shares (id, member_id, amount, date) VALUES ('5ranaf3fr5f', 'member-13', 150000, '2025-08-06');
INSERT INTO savings (id, member_id, type, amount, date) VALUES ('rsv6v5ihf0j', 'member-13', 'deposit', 14418, '2025-08-06');
INSERT INTO transactions (id, association_id, type, category, amount, description, date) VALUES ('j0boxeozimd', 'assoc-bakery', 'income', 'sales', 764398, 'Daily Bread & Cake Sales', '2025-08-07');
INSERT INTO transactions (id, association_id, type, category, amount, description, date) VALUES ('egj6eh58fcd', 'assoc-bakery', 'expense', 'supplies', 52677, 'Flour, Sugar, Yeast', '2025-08-07');
INSERT INTO transactions (id, association_id, type, category, amount, description, date) VALUES ('hjtevtox9t', 'assoc-hatchery', 'income', 'sales', 195422, 'Tray Sales (Eggs)', '2025-08-07');
INSERT INTO transactions (id, association_id, type, category, amount, description, date) VALUES ('99h1in97bd', 'assoc-hatchery', 'expense', 'supplies', 203768, 'Chicken Feed', '2025-08-07');
INSERT INTO transactions (id, association_id, type, category, amount, description, date) VALUES ('i2db59crnl', 'assoc-hatchery', 'income', 'sales', 193985, 'Tray Sales (Eggs)', '2025-08-08');
INSERT INTO transactions (id, association_id, type, category, amount, description, date) VALUES ('81qsxs8q76l', 'assoc-bakery', 'income', 'sales', 624283, 'Daily Bread & Cake Sales', '2025-08-09');
INSERT INTO transactions (id, association_id, type, category, amount, description, date) VALUES ('0wtdocd5k9k', 'assoc-hatchery', 'income', 'sales', 534111, 'Tray Sales (Eggs)', '2025-08-09');
INSERT INTO shares (id, member_id, amount, date) VALUES ('qtdro1lxrab', 'member-20', 150000, '2025-08-09');
INSERT INTO transactions (id, association_id, type, category, amount, description, date) VALUES ('dqs0rewrrx4', 'assoc-bakery', 'income', 'sales', 502078, 'Daily Bread & Cake Sales', '2025-08-10');
INSERT INTO transactions (id, association_id, type, category, amount, description, date) VALUES ('ntkhwemw6ll', 'assoc-hatchery', 'income', 'sales', 182320, 'Tray Sales (Eggs)', '2025-08-10');
INSERT INTO transactions (id, association_id, type, category, amount, description, date) VALUES ('ky69fiy0k7', 'assoc-hatchery', 'expense', 'supplies', 111889, 'Chicken Feed', '2025-08-10');
INSERT INTO shares (id, member_id, amount, date) VALUES ('83e1j80qigh', 'member-19', 150000, '2025-08-10');
INSERT INTO savings (id, member_id, type, amount, date) VALUES ('8sqwihv90yt', 'member-19', 'deposit', 43550, '2025-08-10');
INSERT INTO transactions (id, association_id, type, category, amount, description, date) VALUES ('nmvzz91523', 'assoc-bakery', 'income', 'sales', 459628, 'Daily Bread & Cake Sales', '2025-08-11');
INSERT INTO transactions (id, association_id, type, category, amount, description, date) VALUES ('cw424n5oyb', 'assoc-bakery', 'expense', 'supplies', 123505, 'Flour, Sugar, Yeast', '2025-08-11');
INSERT INTO transactions (id, association_id, type, category, amount, description, date) VALUES ('q6g2ag08ktn', 'assoc-hatchery', 'income', 'sales', 577493, 'Tray Sales (Eggs)', '2025-08-11');
INSERT INTO transactions (id, association_id, type, category, amount, description, date) VALUES ('qxk6ldxxsl9', 'assoc-bakery', 'income', 'sales', 360892, 'Daily Bread & Cake Sales', '2025-08-12');
INSERT INTO transactions (id, association_id, type, category, amount, description, date) VALUES ('ur2t6tc9cpk', 'assoc-bakery', 'expense', 'supplies', 158357, 'Flour, Sugar, Yeast', '2025-08-12');
INSERT INTO transactions (id, association_id, type, category, amount, description, date) VALUES ('ubpfpgame09', 'assoc-hatchery', 'income', 'sales', 233941, 'Tray Sales (Eggs)', '2025-08-12');
INSERT INTO transactions (id, association_id, type, category, amount, description, date) VALUES ('be9bw6fakr9', 'assoc-hatchery', 'expense', 'supplies', 248710, 'Chicken Feed', '2025-08-12');
INSERT INTO transactions (id, association_id, type, category, amount, description, date) VALUES ('gnlhoxg6m28', 'assoc-bakery', 'income', 'sales', 786783, 'Daily Bread & Cake Sales', '2025-08-13');
INSERT INTO transactions (id, association_id, type, category, amount, description, date) VALUES ('3wdz2l5fvc9', 'assoc-hatchery', 'income', 'sales', 565344, 'Tray Sales (Eggs)', '2025-08-13');
INSERT INTO transactions (id, association_id, type, category, amount, description, date) VALUES ('v6j7q0qlq88', 'assoc-hatchery', 'expense', 'supplies', 172554, 'Chicken Feed', '2025-08-13');
INSERT INTO savings (id, member_id, type, amount, date) VALUES ('4vys6nxn3vr', 'member-07', 'deposit', 46105, '2025-08-13');
INSERT INTO transactions (id, association_id, type, category, amount, description, date) VALUES ('8sqs9z23ai4', 'assoc-bakery', 'income', 'sales', 257794, 'Daily Bread & Cake Sales', '2025-08-14');
INSERT INTO shares (id, member_id, amount, date) VALUES ('vcsbpt9hmg', 'member-30', 150000, '2025-08-14');
INSERT INTO savings (id, member_id, type, amount, date) VALUES ('qswk9mqqyen', 'member-30', 'deposit', 86387, '2025-08-14');
INSERT INTO transactions (id, association_id, type, category, amount, description, date) VALUES ('bprpap8z2qt', 'assoc-bakery', 'income', 'sales', 344708, 'Daily Bread & Cake Sales', '2025-08-15');
INSERT INTO transactions (id, association_id, type, category, amount, description, date) VALUES ('0lj3htsmu2fe', 'assoc-bakery', 'expense', 'supplies', 193658, 'Flour, Sugar, Yeast', '2025-08-15');
INSERT INTO transactions (id, association_id, type, category, amount, description, date) VALUES ('dl2nlvbcxq6', 'assoc-hatchery', 'income', 'sales', 315654, 'Tray Sales (Eggs)', '2025-08-15');
INSERT INTO transactions (id, association_id, type, category, amount, description, date) VALUES ('endey2is86u', 'assoc-bakery', 'income', 'sales', 305175, 'Daily Bread & Cake Sales', '2025-08-16');
INSERT INTO transactions (id, association_id, type, category, amount, description, date) VALUES ('348rndfqzhq', 'assoc-hatchery', 'income', 'sales', 430053, 'Tray Sales (Eggs)', '2025-08-16');
INSERT INTO savings (id, member_id, type, amount, date) VALUES ('dyguppbltur', 'member-09', 'deposit', 29499, '2025-08-16');
INSERT INTO transactions (id, association_id, type, category, amount, description, date) VALUES ('nnanqzdo6k', 'assoc-bakery', 'income', 'sales', 796495, 'Daily Bread & Cake Sales', '2025-08-17');
INSERT INTO transactions (id, association_id, type, category, amount, description, date) VALUES ('z0i0mcn500h', 'assoc-hatchery', 'income', 'sales', 486943, 'Tray Sales (Eggs)', '2025-08-17');
INSERT INTO savings (id, member_id, type, amount, date) VALUES ('r10hnv1faw', 'member-30', 'deposit', 65528, '2025-08-17');
INSERT INTO transactions (id, association_id, type, category, amount, description, date) VALUES ('42pntgm4r33', 'assoc-bakery', 'income', 'sales', 363805, 'Daily Bread & Cake Sales', '2025-08-18');
INSERT INTO transactions (id, association_id, type, category, amount, description, date) VALUES ('vnhuzmanr69', 'assoc-bakery', 'expense', 'supplies', 178640, 'Flour, Sugar, Yeast', '2025-08-18');
INSERT INTO transactions (id, association_id, type, category, amount, description, date) VALUES ('gnb9x97v3wr', 'assoc-hatchery', 'income', 'sales', 575080, 'Tray Sales (Eggs)', '2025-08-18');
INSERT INTO transactions (id, association_id, type, category, amount, description, date) VALUES ('efasnyeilmf', 'assoc-bakery', 'income', 'sales', 207812, 'Daily Bread & Cake Sales', '2025-08-19');
INSERT INTO transactions (id, association_id, type, category, amount, description, date) VALUES ('vpvfd5yycgf', 'assoc-bakery', 'expense', 'supplies', 62548, 'Flour, Sugar, Yeast', '2025-08-19');
INSERT INTO transactions (id, association_id, type, category, amount, description, date) VALUES ('kc6d71o5en', 'assoc-hatchery', 'income', 'sales', 243498, 'Tray Sales (Eggs)', '2025-08-19');
INSERT INTO transactions (id, association_id, type, category, amount, description, date) VALUES ('mdqmu2t3z8r', 'assoc-hatchery', 'expense', 'supplies', 163349, 'Chicken Feed', '2025-08-19');
INSERT INTO shares (id, member_id, amount, date) VALUES ('bh68ae9a11', 'member-07', 50000, '2025-08-19');
INSERT INTO savings (id, member_id, type, amount, date) VALUES ('i10jscfyebf', 'member-07', 'deposit', 54813, '2025-08-19');
INSERT INTO transactions (id, association_id, type, category, amount, description, date) VALUES ('safuu8lk59r', 'assoc-bakery', 'income', 'sales', 268106, 'Daily Bread & Cake Sales', '2025-08-20');
INSERT INTO transactions (id, association_id, type, category, amount, description, date) VALUES ('rcwhwksz69m', 'assoc-hatchery', 'income', 'sales', 436996, 'Tray Sales (Eggs)', '2025-08-20');
INSERT INTO transactions (id, association_id, type, category, amount, description, date) VALUES ('5fs1ee52fpn', 'assoc-hatchery', 'expense', 'supplies', 207870, 'Chicken Feed', '2025-08-20');
INSERT INTO shares (id, member_id, amount, date) VALUES ('bfnhaa4v2yu', 'member-22', 50000, '2025-08-20');
INSERT INTO savings (id, member_id, type, amount, date) VALUES ('bz1iclrd13e', 'member-22', 'deposit', 90225, '2025-08-20');
INSERT INTO savings (id, member_id, type, amount, date) VALUES ('i3qv0zsthpo', 'member-22', 'withdrawal', 40662, '2025-08-20');
INSERT INTO transactions (id, association_id, type, category, amount, description, date) VALUES ('2ctey416pvz', 'assoc-bakery', 'income', 'sales', 385660, 'Daily Bread & Cake Sales', '2025-08-21');
INSERT INTO transactions (id, association_id, type, category, amount, description, date) VALUES ('9nq1zijaujt', 'assoc-hatchery', 'income', 'sales', 432414, 'Tray Sales (Eggs)', '2025-08-21');
INSERT INTO transactions (id, association_id, type, category, amount, description, date) VALUES ('as99z2pg63q', 'assoc-hatchery', 'expense', 'supplies', 253875, 'Chicken Feed', '2025-08-21');
INSERT INTO transactions (id, association_id, type, category, amount, description, date) VALUES ('nrajhzep7lt', 'assoc-bakery', 'income', 'sales', 466660, 'Daily Bread & Cake Sales', '2025-08-22');
INSERT INTO transactions (id, association_id, type, category, amount, description, date) VALUES ('bwy0xodskwm', 'assoc-hatchery', 'income', 'sales', 350577, 'Tray Sales (Eggs)', '2025-08-22');
INSERT INTO transactions (id, association_id, type, category, amount, description, date) VALUES ('dulksew7z8u', 'assoc-bakery', 'income', 'sales', 576411, 'Daily Bread & Cake Sales', '2025-08-23');
INSERT INTO transactions (id, association_id, type, category, amount, description, date) VALUES ('4bdyz49289m', 'assoc-hatchery', 'income', 'sales', 595868, 'Tray Sales (Eggs)', '2025-08-23');
INSERT INTO transactions (id, association_id, type, category, amount, description, date) VALUES ('ryyrvennnw', 'assoc-hatchery', 'expense', 'supplies', 287228, 'Chicken Feed', '2025-08-23');
INSERT INTO transactions (id, association_id, type, category, amount, description, date) VALUES ('joimoo70hqe', 'assoc-bakery', 'income', 'sales', 747720, 'Daily Bread & Cake Sales', '2025-08-24');
INSERT INTO transactions (id, association_id, type, category, amount, description, date) VALUES ('sdet6d1pbdg', 'assoc-hatchery', 'income', 'sales', 315438, 'Tray Sales (Eggs)', '2025-08-24');
INSERT INTO transactions (id, association_id, type, category, amount, description, date) VALUES ('11k3w7nl6tcm', 'assoc-bakery', 'income', 'sales', 204673, 'Daily Bread & Cake Sales', '2025-08-25');
INSERT INTO transactions (id, association_id, type, category, amount, description, date) VALUES ('ezrh8p12sbl', 'assoc-hatchery', 'income', 'sales', 413910, 'Tray Sales (Eggs)', '2025-08-25');
INSERT INTO savings (id, member_id, type, amount, date) VALUES ('xqu3m2m6jbq', 'member-20', 'deposit', 19397, '2025-08-25');
INSERT INTO transactions (id, association_id, type, category, amount, description, date) VALUES ('wecdek12uyn', 'assoc-bakery', 'income', 'sales', 277621, 'Daily Bread & Cake Sales', '2025-08-26');
INSERT INTO transactions (id, association_id, type, category, amount, description, date) VALUES ('zuowaunwypl', 'assoc-hatchery', 'income', 'sales', 290369, 'Tray Sales (Eggs)', '2025-08-26');
INSERT INTO transactions (id, association_id, type, category, amount, description, date) VALUES ('ni2bc8c37tb', 'assoc-hatchery', 'expense', 'supplies', 122363, 'Chicken Feed', '2025-08-26');
INSERT INTO savings (id, member_id, type, amount, date) VALUES ('j9ym5f6tgjp', 'member-22', 'deposit', 74615, '2025-08-26');
INSERT INTO transactions (id, association_id, type, category, amount, description, date) VALUES ('g0m0m9kb948', 'assoc-bakery', 'income', 'sales', 565050, 'Daily Bread & Cake Sales', '2025-08-27');
INSERT INTO transactions (id, association_id, type, category, amount, description, date) VALUES ('wteoe6xzrtn', 'assoc-hatchery', 'income', 'sales', 500344, 'Tray Sales (Eggs)', '2025-08-27');
INSERT INTO transactions (id, association_id, type, category, amount, description, date) VALUES ('5l53wjdoqlc', 'assoc-hatchery', 'expense', 'supplies', 243533, 'Chicken Feed', '2025-08-27');
INSERT INTO transactions (id, association_id, type, category, amount, description, date) VALUES ('kz9vdiwdbui', 'assoc-bakery', 'income', 'sales', 774772, 'Daily Bread & Cake Sales', '2025-08-28');
INSERT INTO transactions (id, association_id, type, category, amount, description, date) VALUES ('2m8gydno2lp', 'assoc-hatchery', 'income', 'sales', 497564, 'Tray Sales (Eggs)', '2025-08-28');
INSERT INTO transactions (id, association_id, type, category, amount, description, date) VALUES ('h4r57hhhp3', 'assoc-hatchery', 'expense', 'supplies', 286687, 'Chicken Feed', '2025-08-28');
INSERT INTO shares (id, member_id, amount, date) VALUES ('mdet033m14b', 'member-20', 150000, '2025-08-28');
INSERT INTO savings (id, member_id, type, amount, date) VALUES ('y1adoz3pq3', 'member-20', 'deposit', 52821, '2025-08-28');
INSERT INTO transactions (id, association_id, type, category, amount, description, date) VALUES ('wcrb97d6dpg', 'assoc-bakery', 'income', 'sales', 785340, 'Daily Bread & Cake Sales', '2025-08-29');
INSERT INTO transactions (id, association_id, type, category, amount, description, date) VALUES ('ecatxpr5nno', 'assoc-hatchery', 'income', 'sales', 593463, 'Tray Sales (Eggs)', '2025-08-29');
INSERT INTO shares (id, member_id, amount, date) VALUES ('7out4fdtqht', 'member-25', 100000, '2025-08-29');
INSERT INTO transactions (id, association_id, type, category, amount, description, date) VALUES ('i2uuymb23ef', 'assoc-bakery', 'income', 'sales', 268574, 'Daily Bread & Cake Sales', '2025-08-30');
INSERT INTO transactions (id, association_id, type, category, amount, description, date) VALUES ('5evlh0mrvsw', 'assoc-hatchery', 'income', 'sales', 438097, 'Tray Sales (Eggs)', '2025-08-30');
INSERT INTO transactions (id, association_id, type, category, amount, description, date) VALUES ('2c5n276jlsr', 'assoc-bakery', 'income', 'sales', 494119, 'Daily Bread & Cake Sales', '2025-08-31');
INSERT INTO transactions (id, association_id, type, category, amount, description, date) VALUES ('urud5ifgxf', 'assoc-bakery', 'expense', 'payroll', 400000, 'Salary Payment', '2025-08-31');
INSERT INTO payroll (id, staff_id, transaction_id, amount, date) VALUES ('etivtzujkfd', 'spp9vvof92', 'urud5ifgxf', 400000, '2025-08-31');
INSERT INTO transactions (id, association_id, type, category, amount, description, date) VALUES ('vaniqvi88hl', 'assoc-bakery', 'expense', 'payroll', 400000, 'Salary Payment', '2025-08-31');
INSERT INTO payroll (id, staff_id, transaction_id, amount, date) VALUES ('o37efw29lj', 'sof4vyqfgl', 'vaniqvi88hl', 400000, '2025-08-31');
INSERT INTO transactions (id, association_id, type, category, amount, description, date) VALUES ('wawar3hsrp', 'assoc-bakery', 'expense', 'payroll', 400000, 'Salary Payment', '2025-08-31');
INSERT INTO payroll (id, staff_id, transaction_id, amount, date) VALUES ('gpwqgzf4dp9', 'ybypl6e1u2', 'wawar3hsrp', 400000, '2025-08-31');
INSERT INTO transactions (id, association_id, type, category, amount, description, date) VALUES ('hm9r48psrj9', 'assoc-bakery', 'expense', 'payroll', 400000, 'Salary Payment', '2025-08-31');
INSERT INTO payroll (id, staff_id, transaction_id, amount, date) VALUES ('wydw5f2i6z', 'vvppp6peu5t', 'hm9r48psrj9', 400000, '2025-08-31');
INSERT INTO transactions (id, association_id, type, category, amount, description, date) VALUES ('2v306ko7yrb', 'assoc-bakery', 'expense', 'payroll', 400000, 'Salary Payment', '2025-08-31');
INSERT INTO payroll (id, staff_id, transaction_id, amount, date) VALUES ('q1ekhiqcdm', 'grtujhsvtrt', '2v306ko7yrb', 400000, '2025-08-31');
INSERT INTO transactions (id, association_id, type, category, amount, description, date) VALUES ('1z97a832lct', 'assoc-bakery', 'expense', 'payroll', 400000, 'Salary Payment', '2025-08-31');
INSERT INTO payroll (id, staff_id, transaction_id, amount, date) VALUES ('49bjug7nu6u', 'vzz9wmngb8l', '1z97a832lct', 400000, '2025-08-31');
INSERT INTO transactions (id, association_id, type, category, amount, description, date) VALUES ('m47tw34kgec', 'assoc-bakery', 'expense', 'payroll', 400000, 'Salary Payment', '2025-08-31');
INSERT INTO payroll (id, staff_id, transaction_id, amount, date) VALUES ('nagiilndf0b', 'ooj2u97bay', 'm47tw34kgec', 400000, '2025-08-31');
INSERT INTO transactions (id, association_id, type, category, amount, description, date) VALUES ('mhkqb6l9m6', 'assoc-bakery', 'expense', 'payroll', 400000, 'Salary Payment', '2025-08-31');
INSERT INTO payroll (id, staff_id, transaction_id, amount, date) VALUES ('h7nstqxa5ik', '7btnwmladnp', 'mhkqb6l9m6', 400000, '2025-08-31');
INSERT INTO transactions (id, association_id, type, category, amount, description, date) VALUES ('05iqnc0kmnd9', 'assoc-bakery', 'expense', 'payroll', 400000, 'Salary Payment', '2025-08-31');
INSERT INTO payroll (id, staff_id, transaction_id, amount, date) VALUES ('8c2bv2siirc', 'cvm70mz0cys', '05iqnc0kmnd9', 400000, '2025-08-31');
INSERT INTO transactions (id, association_id, type, category, amount, description, date) VALUES ('sivzmbojvuo', 'assoc-bakery', 'expense', 'payroll', 400000, 'Salary Payment', '2025-08-31');
INSERT INTO payroll (id, staff_id, transaction_id, amount, date) VALUES ('0gqd8xftc9do', '8g7d1cposkm', 'sivzmbojvuo', 400000, '2025-08-31');
INSERT INTO transactions (id, association_id, type, category, amount, description, date) VALUES ('q4epwrjnscj', 'assoc-hatchery', 'expense', 'payroll', 350000, 'Salary Payment', '2025-08-31');
INSERT INTO payroll (id, staff_id, transaction_id, amount, date) VALUES ('1fx389v8z04', '7yxd84lqjmc', 'q4epwrjnscj', 350000, '2025-08-31');
INSERT INTO transactions (id, association_id, type, category, amount, description, date) VALUES ('cwkb1q6dj54', 'assoc-hatchery', 'expense', 'payroll', 350000, 'Salary Payment', '2025-08-31');
INSERT INTO payroll (id, staff_id, transaction_id, amount, date) VALUES ('yx99auduatn', 'o7xxw9456go', 'cwkb1q6dj54', 350000, '2025-08-31');
INSERT INTO transactions (id, association_id, type, category, amount, description, date) VALUES ('kgpk3x9wfn', 'assoc-hatchery', 'expense', 'payroll', 350000, 'Salary Payment', '2025-08-31');
INSERT INTO payroll (id, staff_id, transaction_id, amount, date) VALUES ('6730xxx6m8', 'rii8nnf1l1n', 'kgpk3x9wfn', 350000, '2025-08-31');
INSERT INTO transactions (id, association_id, type, category, amount, description, date) VALUES ('2o2byh51pfd', 'assoc-hatchery', 'expense', 'payroll', 350000, 'Salary Payment', '2025-08-31');
INSERT INTO payroll (id, staff_id, transaction_id, amount, date) VALUES ('gmj7y8dqcru', 'rvgot5trkn', '2o2byh51pfd', 350000, '2025-08-31');
INSERT INTO transactions (id, association_id, type, category, amount, description, date) VALUES ('v9knmn3ql3c', 'assoc-hatchery', 'expense', 'payroll', 350000, 'Salary Payment', '2025-08-31');
INSERT INTO payroll (id, staff_id, transaction_id, amount, date) VALUES ('rqzrqqitb2q', 'e2q4lun5zw6', 'v9knmn3ql3c', 350000, '2025-08-31');
INSERT INTO transactions (id, association_id, type, category, amount, description, date) VALUES ('1iqufqpf26k', 'assoc-hatchery', 'expense', 'payroll', 350000, 'Salary Payment', '2025-08-31');
INSERT INTO payroll (id, staff_id, transaction_id, amount, date) VALUES ('xa13mf32h8q', 'o1okiezgz7', '1iqufqpf26k', 350000, '2025-08-31');
INSERT INTO transactions (id, association_id, type, category, amount, description, date) VALUES ('7ss3l6aknu7', 'assoc-hatchery', 'expense', 'payroll', 350000, 'Salary Payment', '2025-08-31');
INSERT INTO payroll (id, staff_id, transaction_id, amount, date) VALUES ('oxcxdmk70cs', 'g0ipwytxwk7', '7ss3l6aknu7', 350000, '2025-08-31');
INSERT INTO transactions (id, association_id, type, category, amount, description, date) VALUES ('pnueuiv905s', 'assoc-hatchery', 'expense', 'payroll', 350000, 'Salary Payment', '2025-08-31');
INSERT INTO payroll (id, staff_id, transaction_id, amount, date) VALUES ('ex3rzivvh44', 'v0fd6ku07no', 'pnueuiv905s', 350000, '2025-08-31');
INSERT INTO transactions (id, association_id, type, category, amount, description, date) VALUES ('dnmmdi8ewyb', 'assoc-hatchery', 'expense', 'payroll', 350000, 'Salary Payment', '2025-08-31');
INSERT INTO payroll (id, staff_id, transaction_id, amount, date) VALUES ('jcirts2qtw', 'l90lrcnxzq', 'dnmmdi8ewyb', 350000, '2025-08-31');
INSERT INTO transactions (id, association_id, type, category, amount, description, date) VALUES ('qnkspi2x6a', 'assoc-hatchery', 'expense', 'payroll', 350000, 'Salary Payment', '2025-08-31');
INSERT INTO payroll (id, staff_id, transaction_id, amount, date) VALUES ('ke9yuboa5a', 'wi0go32hk7', 'qnkspi2x6a', 350000, '2025-08-31');
INSERT INTO transactions (id, association_id, type, category, amount, description, date) VALUES ('flvorcaj0uq', 'assoc-bakery', 'income', 'sales', 435251, 'Daily Bread & Cake Sales', '2025-09-01');
INSERT INTO transactions (id, association_id, type, category, amount, description, date) VALUES ('a5xt2nrj5ds', 'assoc-hatchery', 'expense', 'supplies', 143408, 'Chicken Feed', '2025-09-01');
INSERT INTO savings (id, member_id, type, amount, date) VALUES ('mqqidsyqlc8', 'member-21', 'deposit', 35953, '2025-09-01');
INSERT INTO transactions (id, association_id, type, category, amount, description, date) VALUES ('4k793ds9m0v', 'assoc-bakery', 'income', 'sales', 561005, 'Daily Bread & Cake Sales', '2025-09-02');
INSERT INTO transactions (id, association_id, type, category, amount, description, date) VALUES ('ktyn5qc21ej', 'assoc-bakery', 'expense', 'supplies', 157155, 'Flour, Sugar, Yeast', '2025-09-02');
INSERT INTO transactions (id, association_id, type, category, amount, description, date) VALUES ('kgy9h6gsdd', 'assoc-hatchery', 'income', 'sales', 199642, 'Tray Sales (Eggs)', '2025-09-02');
INSERT INTO transactions (id, association_id, type, category, amount, description, date) VALUES ('2dkdv317pvy', 'assoc-bakery', 'income', 'sales', 410416, 'Daily Bread & Cake Sales', '2025-09-03');
INSERT INTO transactions (id, association_id, type, category, amount, description, date) VALUES ('ahpu3t8uuj9', 'assoc-hatchery', 'income', 'sales', 241690, 'Tray Sales (Eggs)', '2025-09-03');
INSERT INTO transactions (id, association_id, type, category, amount, description, date) VALUES ('e1ssm6zlonr', 'assoc-hatchery', 'expense', 'supplies', 282457, 'Chicken Feed', '2025-09-03');
INSERT INTO transactions (id, association_id, type, category, amount, description, date) VALUES ('t3igc9yfdq', 'assoc-bakery', 'income', 'sales', 759925, 'Daily Bread & Cake Sales', '2025-09-04');
INSERT INTO transactions (id, association_id, type, category, amount, description, date) VALUES ('14tsgz71sz6', 'assoc-bakery', 'expense', 'supplies', 64127, 'Flour, Sugar, Yeast', '2025-09-04');
INSERT INTO transactions (id, association_id, type, category, amount, description, date) VALUES ('zvoeom3s94', 'assoc-hatchery', 'income', 'sales', 370398, 'Tray Sales (Eggs)', '2025-09-04');
INSERT INTO transactions (id, association_id, type, category, amount, description, date) VALUES ('m5weaigrlm', 'assoc-bakery', 'income', 'sales', 506201, 'Daily Bread & Cake Sales', '2025-09-05');
INSERT INTO transactions (id, association_id, type, category, amount, description, date) VALUES ('pz1yxdabf', 'assoc-hatchery', 'income', 'sales', 389512, 'Tray Sales (Eggs)', '2025-09-05');
INSERT INTO transactions (id, association_id, type, category, amount, description, date) VALUES ('422guj2clzg', 'assoc-hatchery', 'expense', 'supplies', 175885, 'Chicken Feed', '2025-09-05');
INSERT INTO shares (id, member_id, amount, date) VALUES ('elql6la32', 'member-05', 100000, '2025-09-05');
INSERT INTO transactions (id, association_id, type, category, amount, description, date) VALUES ('ppk54s9knx8', 'assoc-bakery', 'expense', 'supplies', 97618, 'Flour, Sugar, Yeast', '2025-09-06');
INSERT INTO transactions (id, association_id, type, category, amount, description, date) VALUES ('aibw7tdgykv', 'assoc-hatchery', 'expense', 'supplies', 204402, 'Chicken Feed', '2025-09-06');
INSERT INTO transactions (id, association_id, type, category, amount, description, date) VALUES ('vt93c9a1xsk', 'assoc-bakery', 'income', 'sales', 265655, 'Daily Bread & Cake Sales', '2025-09-07');
INSERT INTO transactions (id, association_id, type, category, amount, description, date) VALUES ('hwyaco2s3wj', 'assoc-bakery', 'expense', 'supplies', 131495, 'Flour, Sugar, Yeast', '2025-09-07');
INSERT INTO transactions (id, association_id, type, category, amount, description, date) VALUES ('7ou9jmm2lqn', 'assoc-hatchery', 'income', 'sales', 598468, 'Tray Sales (Eggs)', '2025-09-07');
INSERT INTO transactions (id, association_id, type, category, amount, description, date) VALUES ('3yyjsj7n38w', 'assoc-hatchery', 'expense', 'supplies', 228326, 'Chicken Feed', '2025-09-07');
INSERT INTO transactions (id, association_id, type, category, amount, description, date) VALUES ('1z0dvig6jxc', 'assoc-bakery', 'income', 'sales', 238160, 'Daily Bread & Cake Sales', '2025-09-08');
INSERT INTO transactions (id, association_id, type, category, amount, description, date) VALUES ('1rjwndkw9nn', 'assoc-bakery', 'income', 'sales', 248132, 'Daily Bread & Cake Sales', '2025-09-09');
INSERT INTO transactions (id, association_id, type, category, amount, description, date) VALUES ('jrn7i226tbk', 'assoc-hatchery', 'income', 'sales', 180842, 'Tray Sales (Eggs)', '2025-09-09');
INSERT INTO transactions (id, association_id, type, category, amount, description, date) VALUES ('kmde1jnyip', 'assoc-hatchery', 'expense', 'supplies', 156116, 'Chicken Feed', '2025-09-09');
INSERT INTO transactions (id, association_id, type, category, amount, description, date) VALUES ('jbg12xv614s', 'assoc-bakery', 'income', 'sales', 740878, 'Daily Bread & Cake Sales', '2025-09-10');
INSERT INTO transactions (id, association_id, type, category, amount, description, date) VALUES ('64osbzr58em', 'assoc-bakery', 'expense', 'supplies', 121859, 'Flour, Sugar, Yeast', '2025-09-10');
INSERT INTO transactions (id, association_id, type, category, amount, description, date) VALUES ('yovmzsxbi69', 'assoc-hatchery', 'income', 'sales', 316854, 'Tray Sales (Eggs)', '2025-09-10');
INSERT INTO transactions (id, association_id, type, category, amount, description, date) VALUES ('m0e9e204yf', 'assoc-bakery', 'income', 'sales', 537065, 'Daily Bread & Cake Sales', '2025-09-11');
INSERT INTO transactions (id, association_id, type, category, amount, description, date) VALUES ('9tqsvd89tnv', 'assoc-hatchery', 'income', 'sales', 592676, 'Tray Sales (Eggs)', '2025-09-11');
INSERT INTO transactions (id, association_id, type, category, amount, description, date) VALUES ('gj3hovidpsv', 'assoc-hatchery', 'expense', 'supplies', 261897, 'Chicken Feed', '2025-09-11');
INSERT INTO transactions (id, association_id, type, category, amount, description, date) VALUES ('ma0bnrqhpro', 'assoc-hatchery', 'income', 'sales', 307328, 'Tray Sales (Eggs)', '2025-09-12');
INSERT INTO savings (id, member_id, type, amount, date) VALUES ('umj8137cgmo', 'member-10', 'deposit', 33267, '2025-09-12');
INSERT INTO transactions (id, association_id, type, category, amount, description, date) VALUES ('lti1nk7fcue', 'assoc-bakery', 'income', 'sales', 581663, 'Daily Bread & Cake Sales', '2025-09-13');
INSERT INTO savings (id, member_id, type, amount, date) VALUES ('vgrrdnvl84m', 'member-23', 'deposit', 77024, '2025-09-13');
INSERT INTO transactions (id, association_id, type, category, amount, description, date) VALUES ('ejfakvrnd5', 'assoc-bakery', 'income', 'sales', 551255, 'Daily Bread & Cake Sales', '2025-09-14');
INSERT INTO transactions (id, association_id, type, category, amount, description, date) VALUES ('bpuxgnar7h', 'assoc-bakery', 'expense', 'supplies', 145132, 'Flour, Sugar, Yeast', '2025-09-14');
INSERT INTO transactions (id, association_id, type, category, amount, description, date) VALUES ('rf1oe2kvsn', 'assoc-hatchery', 'income', 'sales', 344867, 'Tray Sales (Eggs)', '2025-09-14');
INSERT INTO transactions (id, association_id, type, category, amount, description, date) VALUES ('vwmoajvbex', 'assoc-bakery', 'income', 'sales', 319516, 'Daily Bread & Cake Sales', '2025-09-15');
INSERT INTO transactions (id, association_id, type, category, amount, description, date) VALUES ('xbc9ola9gg', 'assoc-hatchery', 'income', 'sales', 587175, 'Tray Sales (Eggs)', '2025-09-15');
INSERT INTO transactions (id, association_id, type, category, amount, description, date) VALUES ('hv89m40y0ru', 'assoc-hatchery', 'income', 'sales', 248390, 'Tray Sales (Eggs)', '2025-09-16');
INSERT INTO transactions (id, association_id, type, category, amount, description, date) VALUES ('z6mdsp1plgk', 'assoc-bakery', 'income', 'sales', 747982, 'Daily Bread & Cake Sales', '2025-09-17');
INSERT INTO transactions (id, association_id, type, category, amount, description, date) VALUES ('sgat27ymxn9', 'assoc-hatchery', 'income', 'sales', 339575, 'Tray Sales (Eggs)', '2025-09-17');
INSERT INTO transactions (id, association_id, type, category, amount, description, date) VALUES ('2bjxcs681f7', 'assoc-bakery', 'income', 'sales', 464501, 'Daily Bread & Cake Sales', '2025-09-18');
INSERT INTO transactions (id, association_id, type, category, amount, description, date) VALUES ('ai38g7c394p', 'assoc-hatchery', 'income', 'sales', 327948, 'Tray Sales (Eggs)', '2025-09-18');
INSERT INTO transactions (id, association_id, type, category, amount, description, date) VALUES ('qh08g7tuz0n', 'assoc-hatchery', 'expense', 'supplies', 120723, 'Chicken Feed', '2025-09-18');
INSERT INTO savings (id, member_id, type, amount, date) VALUES ('u0mt362ljl', 'member-30', 'deposit', 99141, '2025-09-18');
INSERT INTO transactions (id, association_id, type, category, amount, description, date) VALUES ('30dn7ummacp', 'assoc-bakery', 'income', 'sales', 492455, 'Daily Bread & Cake Sales', '2025-09-19');
INSERT INTO transactions (id, association_id, type, category, amount, description, date) VALUES ('3ico6de43kd', 'assoc-hatchery', 'income', 'sales', 414326, 'Tray Sales (Eggs)', '2025-09-19');
INSERT INTO savings (id, member_id, type, amount, date) VALUES ('ivs93dxwsoi', 'member-06', 'withdrawal', 30213, '2025-09-19');
INSERT INTO transactions (id, association_id, type, category, amount, description, date) VALUES ('clh86rw0prw', 'assoc-bakery', 'income', 'sales', 391203, 'Daily Bread & Cake Sales', '2025-09-20');
INSERT INTO transactions (id, association_id, type, category, amount, description, date) VALUES ('5ezfyzmm0xv', 'assoc-hatchery', 'income', 'sales', 337066, 'Tray Sales (Eggs)', '2025-09-20');
INSERT INTO shares (id, member_id, amount, date) VALUES ('4iwj4abtf89', 'member-03', 50000, '2025-09-20');
INSERT INTO savings (id, member_id, type, amount, date) VALUES ('el8huelruwn', 'member-03', 'deposit', 82455, '2025-09-20');
INSERT INTO transactions (id, association_id, type, category, amount, description, date) VALUES ('ji775y5crpm', 'assoc-bakery', 'income', 'sales', 728316, 'Daily Bread & Cake Sales', '2025-09-21');
INSERT INTO transactions (id, association_id, type, category, amount, description, date) VALUES ('tjne2pz5sbs', 'assoc-hatchery', 'income', 'sales', 543558, 'Tray Sales (Eggs)', '2025-09-21');
INSERT INTO transactions (id, association_id, type, category, amount, description, date) VALUES ('8uk8c2asxni', 'assoc-hatchery', 'expense', 'supplies', 284779, 'Chicken Feed', '2025-09-21');
INSERT INTO savings (id, member_id, type, amount, date) VALUES ('ffn6d5t88o', 'member-13', 'deposit', 26544, '2025-09-21');
INSERT INTO transactions (id, association_id, type, category, amount, description, date) VALUES ('g9mziad6kf', 'assoc-bakery', 'income', 'sales', 614973, 'Daily Bread & Cake Sales', '2025-09-22');
INSERT INTO transactions (id, association_id, type, category, amount, description, date) VALUES ('qhg2rde6zwa', 'assoc-hatchery', 'income', 'sales', 249819, 'Tray Sales (Eggs)', '2025-09-22');
INSERT INTO transactions (id, association_id, type, category, amount, description, date) VALUES ('6h9323dd09v', 'assoc-bakery', 'income', 'sales', 274186, 'Daily Bread & Cake Sales', '2025-09-23');
INSERT INTO transactions (id, association_id, type, category, amount, description, date) VALUES ('pjkomzf1mf', 'assoc-bakery', 'expense', 'supplies', 122530, 'Flour, Sugar, Yeast', '2025-09-23');
INSERT INTO transactions (id, association_id, type, category, amount, description, date) VALUES ('3izfr0f91er', 'assoc-hatchery', 'income', 'sales', 175757, 'Tray Sales (Eggs)', '2025-09-23');
INSERT INTO transactions (id, association_id, type, category, amount, description, date) VALUES ('s2672fj0bm', 'assoc-hatchery', 'expense', 'supplies', 194120, 'Chicken Feed', '2025-09-23');
INSERT INTO transactions (id, association_id, type, category, amount, description, date) VALUES ('fosr9qlav', 'assoc-bakery', 'income', 'sales', 503705, 'Daily Bread & Cake Sales', '2025-09-24');
INSERT INTO transactions (id, association_id, type, category, amount, description, date) VALUES ('w0kd026xjkd', 'assoc-hatchery', 'income', 'sales', 359449, 'Tray Sales (Eggs)', '2025-09-24');
INSERT INTO shares (id, member_id, amount, date) VALUES ('9aqldk4ox6o', 'member-23', 100000, '2025-09-24');
INSERT INTO savings (id, member_id, type, amount, date) VALUES ('cmsuw239cb8', 'member-23', 'deposit', 68425, '2025-09-24');
INSERT INTO transactions (id, association_id, type, category, amount, description, date) VALUES ('jiigzss41js', 'assoc-bakery', 'income', 'sales', 322967, 'Daily Bread & Cake Sales', '2025-09-25');
INSERT INTO transactions (id, association_id, type, category, amount, description, date) VALUES ('bghw66ylc9b', 'assoc-bakery', 'expense', 'supplies', 150416, 'Flour, Sugar, Yeast', '2025-09-25');
INSERT INTO transactions (id, association_id, type, category, amount, description, date) VALUES ('45gln80rfik', 'assoc-hatchery', 'income', 'sales', 388056, 'Tray Sales (Eggs)', '2025-09-25');
INSERT INTO shares (id, member_id, amount, date) VALUES ('w4q4pbcevjm', 'member-05', 50000, '2025-09-25');
INSERT INTO transactions (id, association_id, type, category, amount, description, date) VALUES ('24ihzlf4fg2', 'assoc-hatchery', 'income', 'sales', 203782, 'Tray Sales (Eggs)', '2025-09-26');
INSERT INTO savings (id, member_id, type, amount, date) VALUES ('x15zpbro02h', 'member-23', 'deposit', 82690, '2025-09-26');
INSERT INTO transactions (id, association_id, type, category, amount, description, date) VALUES ('nl3duyqjcnt', 'assoc-bakery', 'income', 'sales', 578655, 'Daily Bread & Cake Sales', '2025-09-27');
INSERT INTO transactions (id, association_id, type, category, amount, description, date) VALUES ('phfkb791quh', 'assoc-hatchery', 'income', 'sales', 349107, 'Tray Sales (Eggs)', '2025-09-27');
INSERT INTO transactions (id, association_id, type, category, amount, description, date) VALUES ('viyprj3dbjq', 'assoc-bakery', 'income', 'sales', 263097, 'Daily Bread & Cake Sales', '2025-09-28');
INSERT INTO transactions (id, association_id, type, category, amount, description, date) VALUES ('fe8s6bydbat', 'assoc-bakery', 'expense', 'supplies', 162866, 'Flour, Sugar, Yeast', '2025-09-28');
INSERT INTO transactions (id, association_id, type, category, amount, description, date) VALUES ('n6gcsu1fjf', 'assoc-hatchery', 'income', 'sales', 332455, 'Tray Sales (Eggs)', '2025-09-28');
INSERT INTO transactions (id, association_id, type, category, amount, description, date) VALUES ('a0xvc4916h8', 'assoc-bakery', 'income', 'sales', 510455, 'Daily Bread & Cake Sales', '2025-09-29');
INSERT INTO transactions (id, association_id, type, category, amount, description, date) VALUES ('x0woxkq85uo', 'assoc-hatchery', 'income', 'sales', 536770, 'Tray Sales (Eggs)', '2025-09-29');
INSERT INTO savings (id, member_id, type, amount, date) VALUES ('plrhh8po03f', 'member-14', 'deposit', 72240, '2025-09-29');
INSERT INTO transactions (id, association_id, type, category, amount, description, date) VALUES ('k5f1iyr4y8', 'assoc-bakery', 'expense', 'supplies', 149759, 'Flour, Sugar, Yeast', '2025-09-30');
INSERT INTO transactions (id, association_id, type, category, amount, description, date) VALUES ('d2nt7yltm97', 'assoc-bakery', 'expense', 'payroll', 400000, 'Salary Payment', '2025-09-30');
INSERT INTO payroll (id, staff_id, transaction_id, amount, date) VALUES ('yjz9qjflnao', 'spp9vvof92', 'd2nt7yltm97', 400000, '2025-09-30');
INSERT INTO transactions (id, association_id, type, category, amount, description, date) VALUES ('i36d9ycg6e', 'assoc-bakery', 'expense', 'payroll', 400000, 'Salary Payment', '2025-09-30');
INSERT INTO payroll (id, staff_id, transaction_id, amount, date) VALUES ('23297ugemzd', 'sof4vyqfgl', 'i36d9ycg6e', 400000, '2025-09-30');
INSERT INTO transactions (id, association_id, type, category, amount, description, date) VALUES ('yo8rhjjuj6', 'assoc-bakery', 'expense', 'payroll', 400000, 'Salary Payment', '2025-09-30');
INSERT INTO payroll (id, staff_id, transaction_id, amount, date) VALUES ('8q6lelehh17', 'ybypl6e1u2', 'yo8rhjjuj6', 400000, '2025-09-30');
INSERT INTO transactions (id, association_id, type, category, amount, description, date) VALUES ('rv8b9gc19p', 'assoc-bakery', 'expense', 'payroll', 400000, 'Salary Payment', '2025-09-30');
INSERT INTO payroll (id, staff_id, transaction_id, amount, date) VALUES ('quwaso86h6a', 'vvppp6peu5t', 'rv8b9gc19p', 400000, '2025-09-30');
INSERT INTO transactions (id, association_id, type, category, amount, description, date) VALUES ('xxl0bwvg6nq', 'assoc-bakery', 'expense', 'payroll', 400000, 'Salary Payment', '2025-09-30');
INSERT INTO payroll (id, staff_id, transaction_id, amount, date) VALUES ('yq1pkovymhn', 'grtujhsvtrt', 'xxl0bwvg6nq', 400000, '2025-09-30');
INSERT INTO transactions (id, association_id, type, category, amount, description, date) VALUES ('d38fabyulcd', 'assoc-bakery', 'expense', 'payroll', 400000, 'Salary Payment', '2025-09-30');
INSERT INTO payroll (id, staff_id, transaction_id, amount, date) VALUES ('5qxql6j9o1k', 'vzz9wmngb8l', 'd38fabyulcd', 400000, '2025-09-30');
INSERT INTO transactions (id, association_id, type, category, amount, description, date) VALUES ('oy0rezx2wb8', 'assoc-bakery', 'expense', 'payroll', 400000, 'Salary Payment', '2025-09-30');
INSERT INTO payroll (id, staff_id, transaction_id, amount, date) VALUES ('q8zoy51n0eg', 'ooj2u97bay', 'oy0rezx2wb8', 400000, '2025-09-30');
INSERT INTO transactions (id, association_id, type, category, amount, description, date) VALUES ('2r8ih4m2iwv', 'assoc-bakery', 'expense', 'payroll', 400000, 'Salary Payment', '2025-09-30');
INSERT INTO payroll (id, staff_id, transaction_id, amount, date) VALUES ('fzft3rzmqr', '7btnwmladnp', '2r8ih4m2iwv', 400000, '2025-09-30');
INSERT INTO transactions (id, association_id, type, category, amount, description, date) VALUES ('ultbp7h14zi', 'assoc-bakery', 'expense', 'payroll', 400000, 'Salary Payment', '2025-09-30');
INSERT INTO payroll (id, staff_id, transaction_id, amount, date) VALUES ('c8iyj2at56', 'cvm70mz0cys', 'ultbp7h14zi', 400000, '2025-09-30');
INSERT INTO transactions (id, association_id, type, category, amount, description, date) VALUES ('m85q10g5uj', 'assoc-bakery', 'expense', 'payroll', 400000, 'Salary Payment', '2025-09-30');
INSERT INTO payroll (id, staff_id, transaction_id, amount, date) VALUES ('gic4i818aki', '8g7d1cposkm', 'm85q10g5uj', 400000, '2025-09-30');
INSERT INTO transactions (id, association_id, type, category, amount, description, date) VALUES ('o7r64h75a6e', 'assoc-hatchery', 'expense', 'payroll', 350000, 'Salary Payment', '2025-09-30');
INSERT INTO payroll (id, staff_id, transaction_id, amount, date) VALUES ('buoczuembgt', '7yxd84lqjmc', 'o7r64h75a6e', 350000, '2025-09-30');
INSERT INTO transactions (id, association_id, type, category, amount, description, date) VALUES ('w5mtd9sohoa', 'assoc-hatchery', 'expense', 'payroll', 350000, 'Salary Payment', '2025-09-30');
INSERT INTO payroll (id, staff_id, transaction_id, amount, date) VALUES ('bn51n8wgg7', 'o7xxw9456go', 'w5mtd9sohoa', 350000, '2025-09-30');
INSERT INTO transactions (id, association_id, type, category, amount, description, date) VALUES ('zwdcjvpi1s', 'assoc-hatchery', 'expense', 'payroll', 350000, 'Salary Payment', '2025-09-30');
INSERT INTO payroll (id, staff_id, transaction_id, amount, date) VALUES ('o0bvtko3xqn', 'rii8nnf1l1n', 'zwdcjvpi1s', 350000, '2025-09-30');
INSERT INTO transactions (id, association_id, type, category, amount, description, date) VALUES ('n7wrntvt2sd', 'assoc-hatchery', 'expense', 'payroll', 350000, 'Salary Payment', '2025-09-30');
INSERT INTO payroll (id, staff_id, transaction_id, amount, date) VALUES ('2v8bbf80jah', 'rvgot5trkn', 'n7wrntvt2sd', 350000, '2025-09-30');
INSERT INTO transactions (id, association_id, type, category, amount, description, date) VALUES ('t5tbfww0uo', 'assoc-hatchery', 'expense', 'payroll', 350000, 'Salary Payment', '2025-09-30');
INSERT INTO payroll (id, staff_id, transaction_id, amount, date) VALUES ('lc4089w7k6r', 'e2q4lun5zw6', 't5tbfww0uo', 350000, '2025-09-30');
INSERT INTO transactions (id, association_id, type, category, amount, description, date) VALUES ('41mv9isby4q', 'assoc-hatchery', 'expense', 'payroll', 350000, 'Salary Payment', '2025-09-30');
INSERT INTO payroll (id, staff_id, transaction_id, amount, date) VALUES ('k2yjdivqvxs', 'o1okiezgz7', '41mv9isby4q', 350000, '2025-09-30');
INSERT INTO transactions (id, association_id, type, category, amount, description, date) VALUES ('1qqo17pvz7l', 'assoc-hatchery', 'expense', 'payroll', 350000, 'Salary Payment', '2025-09-30');
INSERT INTO payroll (id, staff_id, transaction_id, amount, date) VALUES ('zxio2jibkii', 'g0ipwytxwk7', '1qqo17pvz7l', 350000, '2025-09-30');
INSERT INTO transactions (id, association_id, type, category, amount, description, date) VALUES ('cmuwt9em0z5', 'assoc-hatchery', 'expense', 'payroll', 350000, 'Salary Payment', '2025-09-30');
INSERT INTO payroll (id, staff_id, transaction_id, amount, date) VALUES ('axvnq8i7ny', 'v0fd6ku07no', 'cmuwt9em0z5', 350000, '2025-09-30');
INSERT INTO transactions (id, association_id, type, category, amount, description, date) VALUES ('ehij03i95gl', 'assoc-hatchery', 'expense', 'payroll', 350000, 'Salary Payment', '2025-09-30');
INSERT INTO payroll (id, staff_id, transaction_id, amount, date) VALUES ('05z6dd44fp6w', 'l90lrcnxzq', 'ehij03i95gl', 350000, '2025-09-30');
INSERT INTO transactions (id, association_id, type, category, amount, description, date) VALUES ('fmlarh5te3w', 'assoc-hatchery', 'expense', 'payroll', 350000, 'Salary Payment', '2025-09-30');
INSERT INTO payroll (id, staff_id, transaction_id, amount, date) VALUES ('doircdu3xb6', 'wi0go32hk7', 'fmlarh5te3w', 350000, '2025-09-30');
INSERT INTO transactions (id, association_id, type, category, amount, description, date) VALUES ('d6uhvzzj847', 'assoc-bakery', 'income', 'sales', 486044, 'Daily Bread & Cake Sales', '2025-10-01');
INSERT INTO transactions (id, association_id, type, category, amount, description, date) VALUES ('925a0cthr3q', 'assoc-hatchery', 'income', 'sales', 350048, 'Tray Sales (Eggs)', '2025-10-01');
INSERT INTO transactions (id, association_id, type, category, amount, description, date) VALUES ('paiazhgf2xc', 'assoc-hatchery', 'expense', 'supplies', 108169, 'Chicken Feed', '2025-10-01');
INSERT INTO transactions (id, association_id, type, category, amount, description, date) VALUES ('s38p1jtu1kr', 'assoc-bakery', 'income', 'sales', 438281, 'Daily Bread & Cake Sales', '2025-10-02');
INSERT INTO transactions (id, association_id, type, category, amount, description, date) VALUES ('4y89hm35wbd', 'assoc-bakery', 'expense', 'supplies', 62900, 'Flour, Sugar, Yeast', '2025-10-02');
INSERT INTO transactions (id, association_id, type, category, amount, description, date) VALUES ('pj5a6gdyoen', 'assoc-hatchery', 'income', 'sales', 547791, 'Tray Sales (Eggs)', '2025-10-02');
INSERT INTO savings (id, member_id, type, amount, date) VALUES ('p2velhgm9a', 'member-10', 'deposit', 47004, '2025-10-02');
INSERT INTO transactions (id, association_id, type, category, amount, description, date) VALUES ('cwugufmrddd', 'assoc-bakery', 'income', 'sales', 429720, 'Daily Bread & Cake Sales', '2025-10-03');
INSERT INTO transactions (id, association_id, type, category, amount, description, date) VALUES ('tj04xayz9rd', 'assoc-hatchery', 'income', 'sales', 548804, 'Tray Sales (Eggs)', '2025-10-03');
INSERT INTO savings (id, member_id, type, amount, date) VALUES ('75s88fdsu8j', 'member-26', 'deposit', 53350, '2025-10-03');
INSERT INTO transactions (id, association_id, type, category, amount, description, date) VALUES ('7h6w0bqww1t', 'assoc-bakery', 'income', 'sales', 441833, 'Daily Bread & Cake Sales', '2025-10-04');
INSERT INTO transactions (id, association_id, type, category, amount, description, date) VALUES ('1cqaedzpuyj', 'assoc-hatchery', 'income', 'sales', 570763, 'Tray Sales (Eggs)', '2025-10-04');
INSERT INTO transactions (id, association_id, type, category, amount, description, date) VALUES ('sjvi1tg3i0r', 'assoc-bakery', 'income', 'sales', 341684, 'Daily Bread & Cake Sales', '2025-10-05');
INSERT INTO transactions (id, association_id, type, category, amount, description, date) VALUES ('llvt4w6951', 'assoc-hatchery', 'expense', 'supplies', 161948, 'Chicken Feed', '2025-10-05');
INSERT INTO shares (id, member_id, amount, date) VALUES ('70vh95cp6kf', 'member-05', 100000, '2025-10-05');
INSERT INTO savings (id, member_id, type, amount, date) VALUES ('sjqmw8r20c9', 'member-05', 'deposit', 59431, '2025-10-05');
INSERT INTO transactions (id, association_id, type, category, amount, description, date) VALUES ('uo8o4bee98', 'assoc-bakery', 'income', 'sales', 371004, 'Daily Bread & Cake Sales', '2025-10-06');
INSERT INTO transactions (id, association_id, type, category, amount, description, date) VALUES ('yzdn51x4tch', 'assoc-hatchery', 'income', 'sales', 285603, 'Tray Sales (Eggs)', '2025-10-06');
INSERT INTO transactions (id, association_id, type, category, amount, description, date) VALUES ('nanxan7e9ds', 'assoc-bakery', 'income', 'sales', 492016, 'Daily Bread & Cake Sales', '2025-10-07');
INSERT INTO transactions (id, association_id, type, category, amount, description, date) VALUES ('kl5gv1rqg4o', 'assoc-hatchery', 'income', 'sales', 209111, 'Tray Sales (Eggs)', '2025-10-07');
INSERT INTO transactions (id, association_id, type, category, amount, description, date) VALUES ('9r6uhxoayz7', 'assoc-hatchery', 'expense', 'supplies', 122085, 'Chicken Feed', '2025-10-07');
INSERT INTO transactions (id, association_id, type, category, amount, description, date) VALUES ('4fpg4hnuzix', 'assoc-bakery', 'income', 'sales', 677226, 'Daily Bread & Cake Sales', '2025-10-08');
INSERT INTO transactions (id, association_id, type, category, amount, description, date) VALUES ('e0ewgozotb8', 'assoc-hatchery', 'income', 'sales', 294017, 'Tray Sales (Eggs)', '2025-10-08');
INSERT INTO shares (id, member_id, amount, date) VALUES ('9jdl8a9u3g', 'member-25', 50000, '2025-10-08');
INSERT INTO savings (id, member_id, type, amount, date) VALUES ('16f6exvv5alh', 'member-25', 'deposit', 57291, '2025-10-08');
INSERT INTO transactions (id, association_id, type, category, amount, description, date) VALUES ('fel31rjskva', 'assoc-bakery', 'income', 'sales', 425243, 'Daily Bread & Cake Sales', '2025-10-09');
INSERT INTO transactions (id, association_id, type, category, amount, description, date) VALUES ('e7xv4nwk7b', 'assoc-hatchery', 'income', 'sales', 570218, 'Tray Sales (Eggs)', '2025-10-09');
INSERT INTO shares (id, member_id, amount, date) VALUES ('w65m62m7ng', 'member-22', 50000, '2025-10-09');
INSERT INTO savings (id, member_id, type, amount, date) VALUES ('jrhtyf7p23q', 'member-22', 'deposit', 48001, '2025-10-09');
INSERT INTO savings (id, member_id, type, amount, date) VALUES ('pibb77nkeze', 'member-22', 'withdrawal', 20624, '2025-10-09');
INSERT INTO transactions (id, association_id, type, category, amount, description, date) VALUES ('yjuup2tj33', 'assoc-bakery', 'income', 'sales', 354398, 'Daily Bread & Cake Sales', '2025-10-10');
INSERT INTO transactions (id, association_id, type, category, amount, description, date) VALUES ('2iiwlnlklk8', 'assoc-hatchery', 'income', 'sales', 496737, 'Tray Sales (Eggs)', '2025-10-10');
INSERT INTO shares (id, member_id, amount, date) VALUES ('ckpbjykeicf', 'member-13', 100000, '2025-10-10');
INSERT INTO transactions (id, association_id, type, category, amount, description, date) VALUES ('hsx9kapic85', 'assoc-bakery', 'income', 'sales', 392137, 'Daily Bread & Cake Sales', '2025-10-11');
INSERT INTO transactions (id, association_id, type, category, amount, description, date) VALUES ('02h4bzmux42m', 'assoc-hatchery', 'income', 'sales', 197071, 'Tray Sales (Eggs)', '2025-10-11');
INSERT INTO transactions (id, association_id, type, category, amount, description, date) VALUES ('jt2nxtqz6zf', 'assoc-hatchery', 'expense', 'supplies', 192302, 'Chicken Feed', '2025-10-11');
INSERT INTO shares (id, member_id, amount, date) VALUES ('2rifibsmlcs', 'member-17', 150000, '2025-10-11');
INSERT INTO savings (id, member_id, type, amount, date) VALUES ('j6otmvkm3j8', 'member-17', 'withdrawal', 29231, '2025-10-11');
INSERT INTO transactions (id, association_id, type, category, amount, description, date) VALUES ('aw66pmn9vti', 'assoc-bakery', 'income', 'sales', 671096, 'Daily Bread & Cake Sales', '2025-10-12');
INSERT INTO transactions (id, association_id, type, category, amount, description, date) VALUES ('8m7dsbvmj88', 'assoc-bakery', 'expense', 'supplies', 83548, 'Flour, Sugar, Yeast', '2025-10-12');
INSERT INTO transactions (id, association_id, type, category, amount, description, date) VALUES ('lboljjl7n2f', 'assoc-hatchery', 'income', 'sales', 469545, 'Tray Sales (Eggs)', '2025-10-12');
INSERT INTO transactions (id, association_id, type, category, amount, description, date) VALUES ('7f60w4qzqec', 'assoc-hatchery', 'expense', 'supplies', 146503, 'Chicken Feed', '2025-10-12');
INSERT INTO transactions (id, association_id, type, category, amount, description, date) VALUES ('0z30djrudst', 'assoc-bakery', 'income', 'sales', 223552, 'Daily Bread & Cake Sales', '2025-10-13');
INSERT INTO transactions (id, association_id, type, category, amount, description, date) VALUES ('auen8z8kzdl', 'assoc-bakery', 'expense', 'supplies', 110844, 'Flour, Sugar, Yeast', '2025-10-13');
INSERT INTO transactions (id, association_id, type, category, amount, description, date) VALUES ('88ohc702o3i', 'assoc-bakery', 'income', 'sales', 358353, 'Daily Bread & Cake Sales', '2025-10-14');
INSERT INTO transactions (id, association_id, type, category, amount, description, date) VALUES ('r0umeo1da2', 'assoc-bakery', 'expense', 'supplies', 192467, 'Flour, Sugar, Yeast', '2025-10-14');
INSERT INTO transactions (id, association_id, type, category, amount, description, date) VALUES ('n8anctbh4mk', 'assoc-hatchery', 'income', 'sales', 456732, 'Tray Sales (Eggs)', '2025-10-14');
INSERT INTO shares (id, member_id, amount, date) VALUES ('1o3yt2tof9b', 'member-28', 50000, '2025-10-14');
INSERT INTO savings (id, member_id, type, amount, date) VALUES ('0pu928n4loj8', 'member-28', 'deposit', 21030, '2025-10-14');
INSERT INTO transactions (id, association_id, type, category, amount, description, date) VALUES ('baje0g69prw', 'assoc-bakery', 'income', 'sales', 791971, 'Daily Bread & Cake Sales', '2025-10-15');
INSERT INTO transactions (id, association_id, type, category, amount, description, date) VALUES ('l4u12ugl5w', 'assoc-hatchery', 'income', 'sales', 273317, 'Tray Sales (Eggs)', '2025-10-15');
INSERT INTO transactions (id, association_id, type, category, amount, description, date) VALUES ('z83a4q1o8jl', 'assoc-bakery', 'income', 'sales', 759787, 'Daily Bread & Cake Sales', '2025-10-16');
INSERT INTO transactions (id, association_id, type, category, amount, description, date) VALUES ('oc1ax3xipss', 'assoc-hatchery', 'income', 'sales', 453544, 'Tray Sales (Eggs)', '2025-10-16');
INSERT INTO transactions (id, association_id, type, category, amount, description, date) VALUES ('r6k84n0fbgt', 'assoc-hatchery', 'expense', 'supplies', 287968, 'Chicken Feed', '2025-10-16');
INSERT INTO transactions (id, association_id, type, category, amount, description, date) VALUES ('4gky41veaqh', 'assoc-bakery', 'income', 'sales', 603231, 'Daily Bread & Cake Sales', '2025-10-17');
INSERT INTO transactions (id, association_id, type, category, amount, description, date) VALUES ('ttu9cghfyae', 'assoc-hatchery', 'income', 'sales', 330954, 'Tray Sales (Eggs)', '2025-10-17');
INSERT INTO savings (id, member_id, type, amount, date) VALUES ('97i4bh9ojm6', 'member-26', 'deposit', 91668, '2025-10-17');
INSERT INTO savings (id, member_id, type, amount, date) VALUES ('lgr0bly1cv9', 'member-26', 'withdrawal', 40212, '2025-10-17');
INSERT INTO transactions (id, association_id, type, category, amount, description, date) VALUES ('razq8ika81j', 'assoc-bakery', 'income', 'sales', 435226, 'Daily Bread & Cake Sales', '2025-10-18');
INSERT INTO transactions (id, association_id, type, category, amount, description, date) VALUES ('447a6zsebjk', 'assoc-hatchery', 'income', 'sales', 428539, 'Tray Sales (Eggs)', '2025-10-18');
INSERT INTO transactions (id, association_id, type, category, amount, description, date) VALUES ('44rycxozf7b', 'assoc-hatchery', 'expense', 'supplies', 260010, 'Chicken Feed', '2025-10-18');
INSERT INTO savings (id, member_id, type, amount, date) VALUES ('nqsw4f0z3kb', 'member-06', 'deposit', 87459, '2025-10-18');
INSERT INTO transactions (id, association_id, type, category, amount, description, date) VALUES ('pewl9575wke', 'assoc-bakery', 'income', 'sales', 493948, 'Daily Bread & Cake Sales', '2025-10-19');
INSERT INTO transactions (id, association_id, type, category, amount, description, date) VALUES ('1n092g2bk5o', 'assoc-hatchery', 'expense', 'supplies', 202985, 'Chicken Feed', '2025-10-19');
INSERT INTO shares (id, member_id, amount, date) VALUES ('kvv4pi815d9', 'member-27', 50000, '2025-10-19');
INSERT INTO savings (id, member_id, type, amount, date) VALUES ('tzgxrb4q4ne', 'member-27', 'deposit', 82804, '2025-10-19');
INSERT INTO transactions (id, association_id, type, category, amount, description, date) VALUES ('8mma3plwgcv', 'assoc-bakery', 'income', 'sales', 537723, 'Daily Bread & Cake Sales', '2025-10-20');
INSERT INTO transactions (id, association_id, type, category, amount, description, date) VALUES ('n8irunogue', 'assoc-hatchery', 'income', 'sales', 323350, 'Tray Sales (Eggs)', '2025-10-20');
INSERT INTO transactions (id, association_id, type, category, amount, description, date) VALUES ('59ujt80j9uc', 'assoc-hatchery', 'expense', 'supplies', 101544, 'Chicken Feed', '2025-10-20');
INSERT INTO transactions (id, association_id, type, category, amount, description, date) VALUES ('h6oeo80ixj4', 'assoc-bakery', 'income', 'sales', 420864, 'Daily Bread & Cake Sales', '2025-10-21');
INSERT INTO transactions (id, association_id, type, category, amount, description, date) VALUES ('r6fasrhh1z', 'assoc-hatchery', 'income', 'sales', 439397, 'Tray Sales (Eggs)', '2025-10-21');
INSERT INTO savings (id, member_id, type, amount, date) VALUES ('51j4lymygzl', 'member-28', 'deposit', 76026, '2025-10-21');
INSERT INTO transactions (id, association_id, type, category, amount, description, date) VALUES ('ikifjbz048', 'assoc-bakery', 'income', 'sales', 330100, 'Daily Bread & Cake Sales', '2025-10-22');
INSERT INTO transactions (id, association_id, type, category, amount, description, date) VALUES ('2j40vjk6pzz', 'assoc-hatchery', 'income', 'sales', 303911, 'Tray Sales (Eggs)', '2025-10-22');
INSERT INTO shares (id, member_id, amount, date) VALUES ('n8iogq95qmq', 'member-10', 150000, '2025-10-22');
INSERT INTO savings (id, member_id, type, amount, date) VALUES ('agdldid2hmd', 'member-10', 'deposit', 24028, '2025-10-22');
INSERT INTO transactions (id, association_id, type, category, amount, description, date) VALUES ('ggpcg5gm76p', 'assoc-bakery', 'income', 'sales', 235567, 'Daily Bread & Cake Sales', '2025-10-23');
INSERT INTO transactions (id, association_id, type, category, amount, description, date) VALUES ('gvk13dcm44k', 'assoc-hatchery', 'income', 'sales', 501360, 'Tray Sales (Eggs)', '2025-10-23');
INSERT INTO transactions (id, association_id, type, category, amount, description, date) VALUES ('izzof529tw', 'assoc-hatchery', 'expense', 'supplies', 166534, 'Chicken Feed', '2025-10-23');
INSERT INTO shares (id, member_id, amount, date) VALUES ('v10l96504k', 'member-23', 50000, '2025-10-23');
INSERT INTO savings (id, member_id, type, amount, date) VALUES ('zb5c0osrkkk', 'member-23', 'deposit', 58508, '2025-10-23');
INSERT INTO transactions (id, association_id, type, category, amount, description, date) VALUES ('ofcwnkbdv5b', 'assoc-bakery', 'income', 'sales', 661386, 'Daily Bread & Cake Sales', '2025-10-24');
INSERT INTO transactions (id, association_id, type, category, amount, description, date) VALUES ('4621puef2li', 'assoc-hatchery', 'income', 'sales', 339435, 'Tray Sales (Eggs)', '2025-10-24');
INSERT INTO transactions (id, association_id, type, category, amount, description, date) VALUES ('56s6whsat1c', 'assoc-hatchery', 'expense', 'supplies', 226502, 'Chicken Feed', '2025-10-24');
INSERT INTO transactions (id, association_id, type, category, amount, description, date) VALUES ('oq6p5gmxhqm', 'assoc-bakery', 'income', 'sales', 775850, 'Daily Bread & Cake Sales', '2025-10-25');
INSERT INTO transactions (id, association_id, type, category, amount, description, date) VALUES ('sblhecg5yt', 'assoc-hatchery', 'income', 'sales', 305659, 'Tray Sales (Eggs)', '2025-10-25');
INSERT INTO shares (id, member_id, amount, date) VALUES ('e448b2xqvue', 'member-26', 100000, '2025-10-25');
INSERT INTO savings (id, member_id, type, amount, date) VALUES ('7yvt0ypxz68', 'member-26', 'deposit', 68703, '2025-10-25');
INSERT INTO transactions (id, association_id, type, category, amount, description, date) VALUES ('4w30plt80tw', 'assoc-bakery', 'income', 'sales', 712579, 'Daily Bread & Cake Sales', '2025-10-26');
INSERT INTO transactions (id, association_id, type, category, amount, description, date) VALUES ('okejksyslw', 'assoc-hatchery', 'income', 'sales', 587623, 'Tray Sales (Eggs)', '2025-10-26');
INSERT INTO transactions (id, association_id, type, category, amount, description, date) VALUES ('7heb8l16l2x', 'assoc-bakery', 'income', 'sales', 743687, 'Daily Bread & Cake Sales', '2025-10-27');
INSERT INTO transactions (id, association_id, type, category, amount, description, date) VALUES ('jg67m4xpnz', 'assoc-bakery', 'expense', 'supplies', 140575, 'Flour, Sugar, Yeast', '2025-10-27');
INSERT INTO transactions (id, association_id, type, category, amount, description, date) VALUES ('hmy0qetf9q7', 'assoc-hatchery', 'income', 'sales', 484675, 'Tray Sales (Eggs)', '2025-10-27');
INSERT INTO transactions (id, association_id, type, category, amount, description, date) VALUES ('tra80z25vho', 'assoc-hatchery', 'expense', 'supplies', 256936, 'Chicken Feed', '2025-10-27');
INSERT INTO transactions (id, association_id, type, category, amount, description, date) VALUES ('nl9pqeulm6a', 'assoc-bakery', 'income', 'sales', 670385, 'Daily Bread & Cake Sales', '2025-10-28');
INSERT INTO transactions (id, association_id, type, category, amount, description, date) VALUES ('g3mze2z2ido', 'assoc-bakery', 'expense', 'supplies', 81682, 'Flour, Sugar, Yeast', '2025-10-28');
INSERT INTO transactions (id, association_id, type, category, amount, description, date) VALUES ('2rs0rucjdf', 'assoc-hatchery', 'income', 'sales', 549924, 'Tray Sales (Eggs)', '2025-10-28');
INSERT INTO shares (id, member_id, amount, date) VALUES ('2sq4con6zkf', 'member-23', 100000, '2025-10-28');
INSERT INTO savings (id, member_id, type, amount, date) VALUES ('m8luf8ms0g', 'member-23', 'deposit', 96594, '2025-10-28');
INSERT INTO savings (id, member_id, type, amount, date) VALUES ('xdt3abyqtr', 'member-23', 'withdrawal', 45571, '2025-10-28');
INSERT INTO transactions (id, association_id, type, category, amount, description, date) VALUES ('2kfrnat1nbu', 'assoc-bakery', 'income', 'sales', 496862, 'Daily Bread & Cake Sales', '2025-10-29');
INSERT INTO transactions (id, association_id, type, category, amount, description, date) VALUES ('rozyx7gox9g', 'assoc-bakery', 'income', 'sales', 778720, 'Daily Bread & Cake Sales', '2025-10-30');
INSERT INTO transactions (id, association_id, type, category, amount, description, date) VALUES ('pd51v4eyygd', 'assoc-hatchery', 'income', 'sales', 369555, 'Tray Sales (Eggs)', '2025-10-30');
INSERT INTO transactions (id, association_id, type, category, amount, description, date) VALUES ('cqgl7xu1nbt', 'assoc-hatchery', 'expense', 'supplies', 230685, 'Chicken Feed', '2025-10-30');
INSERT INTO transactions (id, association_id, type, category, amount, description, date) VALUES ('ibs8cgmfhhi', 'assoc-bakery', 'income', 'sales', 658842, 'Daily Bread & Cake Sales', '2025-10-31');
INSERT INTO transactions (id, association_id, type, category, amount, description, date) VALUES ('jrevajy4yra', 'assoc-hatchery', 'income', 'sales', 559983, 'Tray Sales (Eggs)', '2025-10-31');
INSERT INTO shares (id, member_id, amount, date) VALUES ('hxr7p107msj', 'member-14', 100000, '2025-10-31');
INSERT INTO savings (id, member_id, type, amount, date) VALUES ('adlsmne1hhf', 'member-14', 'deposit', 13287, '2025-10-31');
INSERT INTO transactions (id, association_id, type, category, amount, description, date) VALUES ('5awnwtg3vtq', 'assoc-bakery', 'expense', 'payroll', 400000, 'Salary Payment', '2025-10-31');
INSERT INTO payroll (id, staff_id, transaction_id, amount, date) VALUES ('co0r1si9y26', 'spp9vvof92', '5awnwtg3vtq', 400000, '2025-10-31');
INSERT INTO transactions (id, association_id, type, category, amount, description, date) VALUES ('4ihtljk81cc', 'assoc-bakery', 'expense', 'payroll', 400000, 'Salary Payment', '2025-10-31');
INSERT INTO payroll (id, staff_id, transaction_id, amount, date) VALUES ('382vrgb8gli', 'sof4vyqfgl', '4ihtljk81cc', 400000, '2025-10-31');
INSERT INTO transactions (id, association_id, type, category, amount, description, date) VALUES ('3isj698vl9x', 'assoc-bakery', 'expense', 'payroll', 400000, 'Salary Payment', '2025-10-31');
INSERT INTO payroll (id, staff_id, transaction_id, amount, date) VALUES ('pf997brnjcc', 'ybypl6e1u2', '3isj698vl9x', 400000, '2025-10-31');
INSERT INTO transactions (id, association_id, type, category, amount, description, date) VALUES ('fjvqy4gxgc8', 'assoc-bakery', 'expense', 'payroll', 400000, 'Salary Payment', '2025-10-31');
INSERT INTO payroll (id, staff_id, transaction_id, amount, date) VALUES ('l03597zb2r8', 'vvppp6peu5t', 'fjvqy4gxgc8', 400000, '2025-10-31');
INSERT INTO transactions (id, association_id, type, category, amount, description, date) VALUES ('ng2qhdsw3yd', 'assoc-bakery', 'expense', 'payroll', 400000, 'Salary Payment', '2025-10-31');
INSERT INTO payroll (id, staff_id, transaction_id, amount, date) VALUES ('qpcry84kgd', 'grtujhsvtrt', 'ng2qhdsw3yd', 400000, '2025-10-31');
INSERT INTO transactions (id, association_id, type, category, amount, description, date) VALUES ('n1c8tb7u99p', 'assoc-bakery', 'expense', 'payroll', 400000, 'Salary Payment', '2025-10-31');
INSERT INTO payroll (id, staff_id, transaction_id, amount, date) VALUES ('9siejp6xzmr', 'vzz9wmngb8l', 'n1c8tb7u99p', 400000, '2025-10-31');
INSERT INTO transactions (id, association_id, type, category, amount, description, date) VALUES ('5z142qrpjgu', 'assoc-bakery', 'expense', 'payroll', 400000, 'Salary Payment', '2025-10-31');
INSERT INTO payroll (id, staff_id, transaction_id, amount, date) VALUES ('x8s59tq02d', 'ooj2u97bay', '5z142qrpjgu', 400000, '2025-10-31');
INSERT INTO transactions (id, association_id, type, category, amount, description, date) VALUES ('rz35hm1lpib', 'assoc-bakery', 'expense', 'payroll', 400000, 'Salary Payment', '2025-10-31');
INSERT INTO payroll (id, staff_id, transaction_id, amount, date) VALUES ('o4lvkhxl8t', '7btnwmladnp', 'rz35hm1lpib', 400000, '2025-10-31');
INSERT INTO transactions (id, association_id, type, category, amount, description, date) VALUES ('i0vu2t50fn', 'assoc-bakery', 'expense', 'payroll', 400000, 'Salary Payment', '2025-10-31');
INSERT INTO payroll (id, staff_id, transaction_id, amount, date) VALUES ('q03c10mpxg', 'cvm70mz0cys', 'i0vu2t50fn', 400000, '2025-10-31');
INSERT INTO transactions (id, association_id, type, category, amount, description, date) VALUES ('lu4ufy6plpp', 'assoc-bakery', 'expense', 'payroll', 400000, 'Salary Payment', '2025-10-31');
INSERT INTO payroll (id, staff_id, transaction_id, amount, date) VALUES ('8echrnfmdw6', '8g7d1cposkm', 'lu4ufy6plpp', 400000, '2025-10-31');
INSERT INTO transactions (id, association_id, type, category, amount, description, date) VALUES ('tx2bv7fksj', 'assoc-hatchery', 'expense', 'payroll', 350000, 'Salary Payment', '2025-10-31');
INSERT INTO payroll (id, staff_id, transaction_id, amount, date) VALUES ('8ezg8wta3a6', '7yxd84lqjmc', 'tx2bv7fksj', 350000, '2025-10-31');
INSERT INTO transactions (id, association_id, type, category, amount, description, date) VALUES ('qegwsm0218', 'assoc-hatchery', 'expense', 'payroll', 350000, 'Salary Payment', '2025-10-31');
INSERT INTO payroll (id, staff_id, transaction_id, amount, date) VALUES ('u27sruq0ix', 'o7xxw9456go', 'qegwsm0218', 350000, '2025-10-31');
INSERT INTO transactions (id, association_id, type, category, amount, description, date) VALUES ('i6ucsfh51o', 'assoc-hatchery', 'expense', 'payroll', 350000, 'Salary Payment', '2025-10-31');
INSERT INTO payroll (id, staff_id, transaction_id, amount, date) VALUES ('jmoy613k7b', 'rii8nnf1l1n', 'i6ucsfh51o', 350000, '2025-10-31');
INSERT INTO transactions (id, association_id, type, category, amount, description, date) VALUES ('kmfurjtocr', 'assoc-hatchery', 'expense', 'payroll', 350000, 'Salary Payment', '2025-10-31');
INSERT INTO payroll (id, staff_id, transaction_id, amount, date) VALUES ('e0hhx0vzu6o', 'rvgot5trkn', 'kmfurjtocr', 350000, '2025-10-31');
INSERT INTO transactions (id, association_id, type, category, amount, description, date) VALUES ('agcb98063a', 'assoc-hatchery', 'expense', 'payroll', 350000, 'Salary Payment', '2025-10-31');
INSERT INTO payroll (id, staff_id, transaction_id, amount, date) VALUES ('zrzqnwnk45f', 'e2q4lun5zw6', 'agcb98063a', 350000, '2025-10-31');
INSERT INTO transactions (id, association_id, type, category, amount, description, date) VALUES ('v60b5k187xr', 'assoc-hatchery', 'expense', 'payroll', 350000, 'Salary Payment', '2025-10-31');
INSERT INTO payroll (id, staff_id, transaction_id, amount, date) VALUES ('5xzvm1o1934', 'o1okiezgz7', 'v60b5k187xr', 350000, '2025-10-31');
INSERT INTO transactions (id, association_id, type, category, amount, description, date) VALUES ('zigf5xadhz', 'assoc-hatchery', 'expense', 'payroll', 350000, 'Salary Payment', '2025-10-31');
INSERT INTO payroll (id, staff_id, transaction_id, amount, date) VALUES ('p3csc6vz52a', 'g0ipwytxwk7', 'zigf5xadhz', 350000, '2025-10-31');
INSERT INTO transactions (id, association_id, type, category, amount, description, date) VALUES ('cyd9x3btrpr', 'assoc-hatchery', 'expense', 'payroll', 350000, 'Salary Payment', '2025-10-31');
INSERT INTO payroll (id, staff_id, transaction_id, amount, date) VALUES ('8fvm5gplikw', 'v0fd6ku07no', 'cyd9x3btrpr', 350000, '2025-10-31');
INSERT INTO transactions (id, association_id, type, category, amount, description, date) VALUES ('nv5q0ixlwze', 'assoc-hatchery', 'expense', 'payroll', 350000, 'Salary Payment', '2025-10-31');
INSERT INTO payroll (id, staff_id, transaction_id, amount, date) VALUES ('k9gpol7kzgf', 'l90lrcnxzq', 'nv5q0ixlwze', 350000, '2025-10-31');
INSERT INTO transactions (id, association_id, type, category, amount, description, date) VALUES ('ww1vbp9r6h7', 'assoc-hatchery', 'expense', 'payroll', 350000, 'Salary Payment', '2025-10-31');
INSERT INTO payroll (id, staff_id, transaction_id, amount, date) VALUES ('w7sx1fsx4wj', 'wi0go32hk7', 'ww1vbp9r6h7', 350000, '2025-10-31');
INSERT INTO transactions (id, association_id, type, category, amount, description, date) VALUES ('kldgsff0gld', 'assoc-bakery', 'income', 'sales', 538210, 'Daily Bread & Cake Sales', '2025-11-01');
INSERT INTO transactions (id, association_id, type, category, amount, description, date) VALUES ('42h1h3306r', 'assoc-hatchery', 'income', 'sales', 312157, 'Tray Sales (Eggs)', '2025-11-01');
INSERT INTO transactions (id, association_id, type, category, amount, description, date) VALUES ('p17dramoes9', 'assoc-hatchery', 'expense', 'supplies', 193741, 'Chicken Feed', '2025-11-01');
INSERT INTO transactions (id, association_id, type, category, amount, description, date) VALUES ('g0q6hpf2wyg', 'assoc-bakery', 'income', 'sales', 245475, 'Daily Bread & Cake Sales', '2025-11-02');
INSERT INTO transactions (id, association_id, type, category, amount, description, date) VALUES ('p2ypo6orfo', 'assoc-hatchery', 'income', 'sales', 397544, 'Tray Sales (Eggs)', '2025-11-02');
INSERT INTO savings (id, member_id, type, amount, date) VALUES ('yrz7dm3lcfs', 'member-17', 'deposit', 62034, '2025-11-02');
INSERT INTO transactions (id, association_id, type, category, amount, description, date) VALUES ('12ah1jatyqri', 'assoc-bakery', 'income', 'sales', 367928, 'Daily Bread & Cake Sales', '2025-11-03');
INSERT INTO transactions (id, association_id, type, category, amount, description, date) VALUES ('b48sm1mf9f', 'assoc-hatchery', 'income', 'sales', 189193, 'Tray Sales (Eggs)', '2025-11-03');
INSERT INTO transactions (id, association_id, type, category, amount, description, date) VALUES ('djgl17lnev5', 'assoc-hatchery', 'expense', 'supplies', 203424, 'Chicken Feed', '2025-11-03');
INSERT INTO transactions (id, association_id, type, category, amount, description, date) VALUES ('m5ho1q1jjm', 'assoc-bakery', 'income', 'sales', 388258, 'Daily Bread & Cake Sales', '2025-11-04');
INSERT INTO transactions (id, association_id, type, category, amount, description, date) VALUES ('s9hv2y4dumb', 'assoc-hatchery', 'income', 'sales', 455321, 'Tray Sales (Eggs)', '2025-11-04');
INSERT INTO transactions (id, association_id, type, category, amount, description, date) VALUES ('aw05ina5k3g', 'assoc-bakery', 'income', 'sales', 276745, 'Daily Bread & Cake Sales', '2025-11-05');
INSERT INTO transactions (id, association_id, type, category, amount, description, date) VALUES ('tp79h5aai6', 'assoc-hatchery', 'income', 'sales', 280190, 'Tray Sales (Eggs)', '2025-11-05');
INSERT INTO transactions (id, association_id, type, category, amount, description, date) VALUES ('1opyp8skwa0j', 'assoc-hatchery', 'expense', 'supplies', 151097, 'Chicken Feed', '2025-11-05');
INSERT INTO savings (id, member_id, type, amount, date) VALUES ('sectd2nth', 'member-16', 'deposit', 85392, '2025-11-05');
INSERT INTO transactions (id, association_id, type, category, amount, description, date) VALUES ('xw058gl8jx', 'assoc-bakery', 'income', 'sales', 600512, 'Daily Bread & Cake Sales', '2025-11-06');
INSERT INTO transactions (id, association_id, type, category, amount, description, date) VALUES ('68ps4erjp2c', 'assoc-bakery', 'expense', 'supplies', 181980, 'Flour, Sugar, Yeast', '2025-11-06');
INSERT INTO transactions (id, association_id, type, category, amount, description, date) VALUES ('53rswdlfozb', 'assoc-hatchery', 'income', 'sales', 291399, 'Tray Sales (Eggs)', '2025-11-06');
INSERT INTO transactions (id, association_id, type, category, amount, description, date) VALUES ('ug8qujo6t1d', 'assoc-bakery', 'income', 'sales', 685063, 'Daily Bread & Cake Sales', '2025-11-07');
INSERT INTO transactions (id, association_id, type, category, amount, description, date) VALUES ('1xap35ukiro', 'assoc-hatchery', 'expense', 'supplies', 146794, 'Chicken Feed', '2025-11-07');
INSERT INTO transactions (id, association_id, type, category, amount, description, date) VALUES ('ljmdnbnfx3f', 'assoc-bakery', 'income', 'sales', 364795, 'Daily Bread & Cake Sales', '2025-11-08');
INSERT INTO transactions (id, association_id, type, category, amount, description, date) VALUES ('68j2a04nd4', 'assoc-hatchery', 'income', 'sales', 213672, 'Tray Sales (Eggs)', '2025-11-08');
INSERT INTO transactions (id, association_id, type, category, amount, description, date) VALUES ('dohiotar8g', 'assoc-bakery', 'income', 'sales', 625802, 'Daily Bread & Cake Sales', '2025-11-09');
INSERT INTO transactions (id, association_id, type, category, amount, description, date) VALUES ('p03cqir5iv', 'assoc-hatchery', 'expense', 'supplies', 189041, 'Chicken Feed', '2025-11-09');
INSERT INTO transactions (id, association_id, type, category, amount, description, date) VALUES ('9lxzn0h64jt', 'assoc-bakery', 'income', 'sales', 785497, 'Daily Bread & Cake Sales', '2025-11-10');
INSERT INTO transactions (id, association_id, type, category, amount, description, date) VALUES ('ik1vsfwmhw', 'assoc-bakery', 'expense', 'supplies', 77539, 'Flour, Sugar, Yeast', '2025-11-10');
INSERT INTO transactions (id, association_id, type, category, amount, description, date) VALUES ('ddvlejsfk1i', 'assoc-hatchery', 'income', 'sales', 531890, 'Tray Sales (Eggs)', '2025-11-10');
INSERT INTO transactions (id, association_id, type, category, amount, description, date) VALUES ('rxv00idjfd', 'assoc-hatchery', 'expense', 'supplies', 281161, 'Chicken Feed', '2025-11-10');
INSERT INTO savings (id, member_id, type, amount, date) VALUES ('7c66qlisad3', 'member-06', 'withdrawal', 25302, '2025-11-10');
INSERT INTO transactions (id, association_id, type, category, amount, description, date) VALUES ('2g4axl2407', 'assoc-bakery', 'income', 'sales', 203736, 'Daily Bread & Cake Sales', '2025-11-11');
INSERT INTO transactions (id, association_id, type, category, amount, description, date) VALUES ('chzyfwmsz8', 'assoc-hatchery', 'income', 'sales', 345661, 'Tray Sales (Eggs)', '2025-11-11');
INSERT INTO transactions (id, association_id, type, category, amount, description, date) VALUES ('evyzli61psb', 'assoc-hatchery', 'expense', 'supplies', 177101, 'Chicken Feed', '2025-11-11');
INSERT INTO shares (id, member_id, amount, date) VALUES ('rdminjcswx', 'member-12', 150000, '2025-11-11');
INSERT INTO transactions (id, association_id, type, category, amount, description, date) VALUES ('7h7g1c8mbac', 'assoc-bakery', 'income', 'sales', 695753, 'Daily Bread & Cake Sales', '2025-11-12');
INSERT INTO transactions (id, association_id, type, category, amount, description, date) VALUES ('xarolfuunig', 'assoc-hatchery', 'income', 'sales', 402703, 'Tray Sales (Eggs)', '2025-11-12');
INSERT INTO transactions (id, association_id, type, category, amount, description, date) VALUES ('k666x7t72b', 'assoc-hatchery', 'expense', 'supplies', 178945, 'Chicken Feed', '2025-11-12');
INSERT INTO transactions (id, association_id, type, category, amount, description, date) VALUES ('r42v2pd4wfq', 'assoc-bakery', 'income', 'sales', 671966, 'Daily Bread & Cake Sales', '2025-11-13');
INSERT INTO transactions (id, association_id, type, category, amount, description, date) VALUES ('vpm8vygp14', 'assoc-hatchery', 'income', 'sales', 543134, 'Tray Sales (Eggs)', '2025-11-13');
INSERT INTO transactions (id, association_id, type, category, amount, description, date) VALUES ('3ao4bn4s38j', 'assoc-hatchery', 'expense', 'supplies', 240323, 'Chicken Feed', '2025-11-13');
INSERT INTO savings (id, member_id, type, amount, date) VALUES ('hyjdyoye6vw', 'member-13', 'deposit', 84834, '2025-11-13');
INSERT INTO transactions (id, association_id, type, category, amount, description, date) VALUES ('owswi8ueom', 'assoc-bakery', 'income', 'sales', 291310, 'Daily Bread & Cake Sales', '2025-11-14');
INSERT INTO transactions (id, association_id, type, category, amount, description, date) VALUES ('jw4wgnh99qc', 'assoc-hatchery', 'income', 'sales', 290857, 'Tray Sales (Eggs)', '2025-11-14');
INSERT INTO transactions (id, association_id, type, category, amount, description, date) VALUES ('2vho9sxg8nz', 'assoc-hatchery', 'expense', 'supplies', 168013, 'Chicken Feed', '2025-11-14');
INSERT INTO transactions (id, association_id, type, category, amount, description, date) VALUES ('0vmhl3qtafqe', 'assoc-bakery', 'income', 'sales', 310818, 'Daily Bread & Cake Sales', '2025-11-15');
INSERT INTO transactions (id, association_id, type, category, amount, description, date) VALUES ('rkis3v8dx9', 'assoc-bakery', 'expense', 'supplies', 152439, 'Flour, Sugar, Yeast', '2025-11-15');
INSERT INTO transactions (id, association_id, type, category, amount, description, date) VALUES ('vppvcon9a2', 'assoc-hatchery', 'income', 'sales', 229354, 'Tray Sales (Eggs)', '2025-11-15');
INSERT INTO transactions (id, association_id, type, category, amount, description, date) VALUES ('hit6n9w30vo', 'assoc-bakery', 'income', 'sales', 400900, 'Daily Bread & Cake Sales', '2025-11-16');
INSERT INTO transactions (id, association_id, type, category, amount, description, date) VALUES ('cxrdqldi7tb', 'assoc-hatchery', 'income', 'sales', 469696, 'Tray Sales (Eggs)', '2025-11-16');
INSERT INTO transactions (id, association_id, type, category, amount, description, date) VALUES ('rs67dxj3dj', 'assoc-hatchery', 'expense', 'supplies', 164141, 'Chicken Feed', '2025-11-16');
INSERT INTO shares (id, member_id, amount, date) VALUES ('8itxefy6fg3', 'member-23', 100000, '2025-11-16');
INSERT INTO savings (id, member_id, type, amount, date) VALUES ('di14acqy2s', 'member-23', 'deposit', 89895, '2025-11-16');
INSERT INTO transactions (id, association_id, type, category, amount, description, date) VALUES ('kxmqtyxchtk', 'assoc-bakery', 'income', 'sales', 701150, 'Daily Bread & Cake Sales', '2025-11-17');
INSERT INTO transactions (id, association_id, type, category, amount, description, date) VALUES ('68r5ud6mndg', 'assoc-hatchery', 'income', 'sales', 172425, 'Tray Sales (Eggs)', '2025-11-17');
INSERT INTO shares (id, member_id, amount, date) VALUES ('eqxpk825li', 'member-09', 150000, '2025-11-17');
INSERT INTO transactions (id, association_id, type, category, amount, description, date) VALUES ('jjh59d43sz', 'assoc-bakery', 'income', 'sales', 782687, 'Daily Bread & Cake Sales', '2025-11-18');
INSERT INTO transactions (id, association_id, type, category, amount, description, date) VALUES ('vqjo0k8vez', 'assoc-hatchery', 'income', 'sales', 527005, 'Tray Sales (Eggs)', '2025-11-18');
INSERT INTO shares (id, member_id, amount, date) VALUES ('ifo2ovfblkm', 'member-07', 100000, '2025-11-18');
INSERT INTO savings (id, member_id, type, amount, date) VALUES ('uxjwaxilva', 'member-07', 'deposit', 49814, '2025-11-18');
INSERT INTO savings (id, member_id, type, amount, date) VALUES ('oks4surtub9', 'member-07', 'withdrawal', 25902, '2025-11-18');
INSERT INTO transactions (id, association_id, type, category, amount, description, date) VALUES ('uqj4s0rnqbl', 'assoc-hatchery', 'income', 'sales', 453571, 'Tray Sales (Eggs)', '2025-11-19');
INSERT INTO transactions (id, association_id, type, category, amount, description, date) VALUES ('c51wiwoea5p', 'assoc-hatchery', 'expense', 'supplies', 296234, 'Chicken Feed', '2025-11-19');
INSERT INTO shares (id, member_id, amount, date) VALUES ('k360vn84lkd', 'member-11', 100000, '2025-11-19');
INSERT INTO transactions (id, association_id, type, category, amount, description, date) VALUES ('1sw8gc3tbmy', 'assoc-bakery', 'income', 'sales', 348001, 'Daily Bread & Cake Sales', '2025-11-20');
INSERT INTO transactions (id, association_id, type, category, amount, description, date) VALUES ('gz8k37nea4p', 'assoc-hatchery', 'income', 'sales', 376578, 'Tray Sales (Eggs)', '2025-11-20');
INSERT INTO transactions (id, association_id, type, category, amount, description, date) VALUES ('bpbpsd6dax5', 'assoc-hatchery', 'expense', 'supplies', 259729, 'Chicken Feed', '2025-11-20');
INSERT INTO shares (id, member_id, amount, date) VALUES ('g3yis9wr7de', 'member-30', 150000, '2025-11-20');
INSERT INTO savings (id, member_id, type, amount, date) VALUES ('s2hi1g0tch', 'member-30', 'deposit', 44452, '2025-11-20');
INSERT INTO transactions (id, association_id, type, category, amount, description, date) VALUES ('9tz1lp0qw3a', 'assoc-bakery', 'income', 'sales', 466173, 'Daily Bread & Cake Sales', '2025-11-21');
INSERT INTO transactions (id, association_id, type, category, amount, description, date) VALUES ('imruexus5hk', 'assoc-hatchery', 'income', 'sales', 445786, 'Tray Sales (Eggs)', '2025-11-21');
INSERT INTO transactions (id, association_id, type, category, amount, description, date) VALUES ('xy3dial7ufn', 'assoc-bakery', 'income', 'sales', 475643, 'Daily Bread & Cake Sales', '2025-11-22');
INSERT INTO transactions (id, association_id, type, category, amount, description, date) VALUES ('e6syp4hfa48', 'assoc-hatchery', 'income', 'sales', 387088, 'Tray Sales (Eggs)', '2025-11-22');
INSERT INTO transactions (id, association_id, type, category, amount, description, date) VALUES ('7n1gw6x3ta5', 'assoc-bakery', 'income', 'sales', 368359, 'Daily Bread & Cake Sales', '2025-11-23');
INSERT INTO transactions (id, association_id, type, category, amount, description, date) VALUES ('lnyj12aw5rh', 'assoc-hatchery', 'income', 'sales', 288939, 'Tray Sales (Eggs)', '2025-11-23');
INSERT INTO transactions (id, association_id, type, category, amount, description, date) VALUES ('5nribdirjy', 'assoc-hatchery', 'expense', 'supplies', 254158, 'Chicken Feed', '2025-11-23');
INSERT INTO savings (id, member_id, type, amount, date) VALUES ('yznvvcjvgjr', 'member-26', 'deposit', 92149, '2025-11-23');
INSERT INTO savings (id, member_id, type, amount, date) VALUES ('5k33uwlkjxw', 'member-26', 'withdrawal', 26630, '2025-11-23');
INSERT INTO transactions (id, association_id, type, category, amount, description, date) VALUES ('ksagx2g5qt', 'assoc-bakery', 'income', 'sales', 731580, 'Daily Bread & Cake Sales', '2025-11-24');
INSERT INTO transactions (id, association_id, type, category, amount, description, date) VALUES ('g01obbdhsjc', 'assoc-bakery', 'expense', 'supplies', 174497, 'Flour, Sugar, Yeast', '2025-11-24');
INSERT INTO transactions (id, association_id, type, category, amount, description, date) VALUES ('61deje5pacl', 'assoc-hatchery', 'income', 'sales', 417675, 'Tray Sales (Eggs)', '2025-11-24');
INSERT INTO transactions (id, association_id, type, category, amount, description, date) VALUES ('zq6t6xrqn58', 'assoc-hatchery', 'expense', 'supplies', 283834, 'Chicken Feed', '2025-11-24');
INSERT INTO transactions (id, association_id, type, category, amount, description, date) VALUES ('vinkx5mom7r', 'assoc-bakery', 'income', 'sales', 216089, 'Daily Bread & Cake Sales', '2025-11-25');
INSERT INTO transactions (id, association_id, type, category, amount, description, date) VALUES ('wa3rmrkaenm', 'assoc-hatchery', 'income', 'sales', 443442, 'Tray Sales (Eggs)', '2025-11-25');
INSERT INTO savings (id, member_id, type, amount, date) VALUES ('wncyrf2v4ic', 'member-03', 'deposit', 59907, '2025-11-25');
INSERT INTO transactions (id, association_id, type, category, amount, description, date) VALUES ('7g2x6c97lnc', 'assoc-bakery', 'income', 'sales', 730338, 'Daily Bread & Cake Sales', '2025-11-26');
INSERT INTO transactions (id, association_id, type, category, amount, description, date) VALUES ('5wwkjqsypsu', 'assoc-hatchery', 'expense', 'supplies', 196864, 'Chicken Feed', '2025-11-26');
INSERT INTO shares (id, member_id, amount, date) VALUES ('mz9bb2cfmzk', 'member-07', 100000, '2025-11-26');
INSERT INTO transactions (id, association_id, type, category, amount, description, date) VALUES ('3r39dxn6ury', 'assoc-bakery', 'income', 'sales', 745817, 'Daily Bread & Cake Sales', '2025-11-27');
INSERT INTO transactions (id, association_id, type, category, amount, description, date) VALUES ('llvlv4yn9jc', 'assoc-hatchery', 'income', 'sales', 361030, 'Tray Sales (Eggs)', '2025-11-27');
INSERT INTO shares (id, member_id, amount, date) VALUES ('sykrfeym2b', 'member-07', 50000, '2025-11-27');
INSERT INTO savings (id, member_id, type, amount, date) VALUES ('eqqjakgamt', 'member-07', 'deposit', 56053, '2025-11-27');
INSERT INTO transactions (id, association_id, type, category, amount, description, date) VALUES ('jnkuqexopz8', 'assoc-bakery', 'income', 'sales', 312281, 'Daily Bread & Cake Sales', '2025-11-28');
INSERT INTO transactions (id, association_id, type, category, amount, description, date) VALUES ('dp99v4v86so', 'assoc-hatchery', 'income', 'sales', 598582, 'Tray Sales (Eggs)', '2025-11-28');
INSERT INTO transactions (id, association_id, type, category, amount, description, date) VALUES ('nhh6jkl20r', 'assoc-hatchery', 'expense', 'supplies', 149774, 'Chicken Feed', '2025-11-28');
INSERT INTO transactions (id, association_id, type, category, amount, description, date) VALUES ('wbnjlcgf0n', 'assoc-bakery', 'income', 'sales', 294768, 'Daily Bread & Cake Sales', '2025-11-29');
INSERT INTO transactions (id, association_id, type, category, amount, description, date) VALUES ('c89daom2ugu', 'assoc-hatchery', 'income', 'sales', 159133, 'Tray Sales (Eggs)', '2025-11-29');
INSERT INTO transactions (id, association_id, type, category, amount, description, date) VALUES ('gfi5uelqakk', 'assoc-hatchery', 'income', 'sales', 436101, 'Tray Sales (Eggs)', '2025-11-30');
INSERT INTO shares (id, member_id, amount, date) VALUES ('1kbp0siebohi', 'member-19', 150000, '2025-11-30');
INSERT INTO savings (id, member_id, type, amount, date) VALUES ('m0i6wprtb6d', 'member-19', 'deposit', 34049, '2025-11-30');
INSERT INTO transactions (id, association_id, type, category, amount, description, date) VALUES ('3493jbci2xg', 'assoc-bakery', 'expense', 'payroll', 400000, 'Salary Payment', '2025-11-30');
INSERT INTO payroll (id, staff_id, transaction_id, amount, date) VALUES ('ad11dpag7v7', 'spp9vvof92', '3493jbci2xg', 400000, '2025-11-30');
INSERT INTO transactions (id, association_id, type, category, amount, description, date) VALUES ('i91gse8bosf', 'assoc-bakery', 'expense', 'payroll', 400000, 'Salary Payment', '2025-11-30');
INSERT INTO payroll (id, staff_id, transaction_id, amount, date) VALUES ('i6axgz0fj1j', 'sof4vyqfgl', 'i91gse8bosf', 400000, '2025-11-30');
INSERT INTO transactions (id, association_id, type, category, amount, description, date) VALUES ('svl5yetnul', 'assoc-bakery', 'expense', 'payroll', 400000, 'Salary Payment', '2025-11-30');
INSERT INTO payroll (id, staff_id, transaction_id, amount, date) VALUES ('x8ufdyf1j2e', 'ybypl6e1u2', 'svl5yetnul', 400000, '2025-11-30');
INSERT INTO transactions (id, association_id, type, category, amount, description, date) VALUES ('gagopqtprl', 'assoc-bakery', 'expense', 'payroll', 400000, 'Salary Payment', '2025-11-30');
INSERT INTO payroll (id, staff_id, transaction_id, amount, date) VALUES ('baqbaj6jfav', 'vvppp6peu5t', 'gagopqtprl', 400000, '2025-11-30');
INSERT INTO transactions (id, association_id, type, category, amount, description, date) VALUES ('n61b8nj73i', 'assoc-bakery', 'expense', 'payroll', 400000, 'Salary Payment', '2025-11-30');
INSERT INTO payroll (id, staff_id, transaction_id, amount, date) VALUES ('poqdrcz2sd8', 'grtujhsvtrt', 'n61b8nj73i', 400000, '2025-11-30');
INSERT INTO transactions (id, association_id, type, category, amount, description, date) VALUES ('uk009dhn8wc', 'assoc-bakery', 'expense', 'payroll', 400000, 'Salary Payment', '2025-11-30');
INSERT INTO payroll (id, staff_id, transaction_id, amount, date) VALUES ('40cdvqzggs2', 'vzz9wmngb8l', 'uk009dhn8wc', 400000, '2025-11-30');
INSERT INTO transactions (id, association_id, type, category, amount, description, date) VALUES ('2lm37f6loqv', 'assoc-bakery', 'expense', 'payroll', 400000, 'Salary Payment', '2025-11-30');
INSERT INTO payroll (id, staff_id, transaction_id, amount, date) VALUES ('51yote95kt', 'ooj2u97bay', '2lm37f6loqv', 400000, '2025-11-30');
INSERT INTO transactions (id, association_id, type, category, amount, description, date) VALUES ('pn8cmc54dgl', 'assoc-bakery', 'expense', 'payroll', 400000, 'Salary Payment', '2025-11-30');
INSERT INTO payroll (id, staff_id, transaction_id, amount, date) VALUES ('uvz82klaqw', '7btnwmladnp', 'pn8cmc54dgl', 400000, '2025-11-30');
INSERT INTO transactions (id, association_id, type, category, amount, description, date) VALUES ('zb5ce3mx079', 'assoc-bakery', 'expense', 'payroll', 400000, 'Salary Payment', '2025-11-30');
INSERT INTO payroll (id, staff_id, transaction_id, amount, date) VALUES ('eo80rwpytq', 'cvm70mz0cys', 'zb5ce3mx079', 400000, '2025-11-30');
INSERT INTO transactions (id, association_id, type, category, amount, description, date) VALUES ('4osn9tcxst4', 'assoc-bakery', 'expense', 'payroll', 400000, 'Salary Payment', '2025-11-30');
INSERT INTO payroll (id, staff_id, transaction_id, amount, date) VALUES ('1s7oily7i0g', '8g7d1cposkm', '4osn9tcxst4', 400000, '2025-11-30');
INSERT INTO transactions (id, association_id, type, category, amount, description, date) VALUES ('rrhvko86tq', 'assoc-hatchery', 'expense', 'payroll', 350000, 'Salary Payment', '2025-11-30');
INSERT INTO payroll (id, staff_id, transaction_id, amount, date) VALUES ('zit0b3pxov', '7yxd84lqjmc', 'rrhvko86tq', 350000, '2025-11-30');
INSERT INTO transactions (id, association_id, type, category, amount, description, date) VALUES ('nrwof1iex1', 'assoc-hatchery', 'expense', 'payroll', 350000, 'Salary Payment', '2025-11-30');
INSERT INTO payroll (id, staff_id, transaction_id, amount, date) VALUES ('kazony8oicn', 'o7xxw9456go', 'nrwof1iex1', 350000, '2025-11-30');
INSERT INTO transactions (id, association_id, type, category, amount, description, date) VALUES ('mg8yrr40ptn', 'assoc-hatchery', 'expense', 'payroll', 350000, 'Salary Payment', '2025-11-30');
INSERT INTO payroll (id, staff_id, transaction_id, amount, date) VALUES ('hscs43q7vmi', 'rii8nnf1l1n', 'mg8yrr40ptn', 350000, '2025-11-30');
INSERT INTO transactions (id, association_id, type, category, amount, description, date) VALUES ('0e8g6ncx3fdi', 'assoc-hatchery', 'expense', 'payroll', 350000, 'Salary Payment', '2025-11-30');
INSERT INTO payroll (id, staff_id, transaction_id, amount, date) VALUES ('ypx15bvq8b', 'rvgot5trkn', '0e8g6ncx3fdi', 350000, '2025-11-30');
INSERT INTO transactions (id, association_id, type, category, amount, description, date) VALUES ('wif21qvgsuc', 'assoc-hatchery', 'expense', 'payroll', 350000, 'Salary Payment', '2025-11-30');
INSERT INTO payroll (id, staff_id, transaction_id, amount, date) VALUES ('2ir8277kwww', 'e2q4lun5zw6', 'wif21qvgsuc', 350000, '2025-11-30');
INSERT INTO transactions (id, association_id, type, category, amount, description, date) VALUES ('vt4fh3wjail', 'assoc-hatchery', 'expense', 'payroll', 350000, 'Salary Payment', '2025-11-30');
INSERT INTO payroll (id, staff_id, transaction_id, amount, date) VALUES ('45eqzdhoybj', 'o1okiezgz7', 'vt4fh3wjail', 350000, '2025-11-30');
INSERT INTO transactions (id, association_id, type, category, amount, description, date) VALUES ('971fn0ovn9', 'assoc-hatchery', 'expense', 'payroll', 350000, 'Salary Payment', '2025-11-30');
INSERT INTO payroll (id, staff_id, transaction_id, amount, date) VALUES ('g12tytxd2x', 'g0ipwytxwk7', '971fn0ovn9', 350000, '2025-11-30');
INSERT INTO transactions (id, association_id, type, category, amount, description, date) VALUES ('fz6u0smqkmp', 'assoc-hatchery', 'expense', 'payroll', 350000, 'Salary Payment', '2025-11-30');
INSERT INTO payroll (id, staff_id, transaction_id, amount, date) VALUES ('7r0cvoma6ml', 'v0fd6ku07no', 'fz6u0smqkmp', 350000, '2025-11-30');
INSERT INTO transactions (id, association_id, type, category, amount, description, date) VALUES ('23erhheb6vo', 'assoc-hatchery', 'expense', 'payroll', 350000, 'Salary Payment', '2025-11-30');
INSERT INTO payroll (id, staff_id, transaction_id, amount, date) VALUES ('k4dmsd0t8eb', 'l90lrcnxzq', '23erhheb6vo', 350000, '2025-11-30');
INSERT INTO transactions (id, association_id, type, category, amount, description, date) VALUES ('59xmcyxwrhk', 'assoc-hatchery', 'expense', 'payroll', 350000, 'Salary Payment', '2025-11-30');
INSERT INTO payroll (id, staff_id, transaction_id, amount, date) VALUES ('t0vr0g7ctzh', 'wi0go32hk7', '59xmcyxwrhk', 350000, '2025-11-30');
INSERT INTO transactions (id, association_id, type, category, amount, description, date) VALUES ('6hccksvguii', 'assoc-bakery', 'income', 'sales', 775030, 'Daily Bread & Cake Sales', '2025-12-01');
INSERT INTO transactions (id, association_id, type, category, amount, description, date) VALUES ('9wopf1wdyp6', 'assoc-hatchery', 'income', 'sales', 459988, 'Tray Sales (Eggs)', '2025-12-01');
INSERT INTO transactions (id, association_id, type, category, amount, description, date) VALUES ('eia2i302qz', 'assoc-hatchery', 'expense', 'supplies', 244967, 'Chicken Feed', '2025-12-01');
INSERT INTO savings (id, member_id, type, amount, date) VALUES ('lhwk13mejgc', 'member-19', 'deposit', 86468, '2025-12-01');
INSERT INTO transactions (id, association_id, type, category, amount, description, date) VALUES ('e5z0muml6hj', 'assoc-bakery', 'income', 'sales', 757151, 'Daily Bread & Cake Sales', '2025-12-02');
INSERT INTO transactions (id, association_id, type, category, amount, description, date) VALUES ('af1p32ugv9', 'assoc-hatchery', 'income', 'sales', 543480, 'Tray Sales (Eggs)', '2025-12-02');
INSERT INTO transactions (id, association_id, type, category, amount, description, date) VALUES ('34u39ohkyqv', 'assoc-bakery', 'expense', 'supplies', 51239, 'Flour, Sugar, Yeast', '2025-12-03');
INSERT INTO transactions (id, association_id, type, category, amount, description, date) VALUES ('b1dc3mz24mi', 'assoc-hatchery', 'income', 'sales', 382037, 'Tray Sales (Eggs)', '2025-12-03');
INSERT INTO transactions (id, association_id, type, category, amount, description, date) VALUES ('4plsig7bymh', 'assoc-hatchery', 'expense', 'supplies', 147912, 'Chicken Feed', '2025-12-03');
INSERT INTO shares (id, member_id, amount, date) VALUES ('z5k2yu8rfgd', 'member-03', 50000, '2025-12-03');
INSERT INTO savings (id, member_id, type, amount, date) VALUES ('6g2vg182rl9', 'member-03', 'deposit', 76536, '2025-12-03');
INSERT INTO transactions (id, association_id, type, category, amount, description, date) VALUES ('stjzpte5fbd', 'assoc-bakery', 'income', 'sales', 357920, 'Daily Bread & Cake Sales', '2025-12-04');
INSERT INTO savings (id, member_id, type, amount, date) VALUES ('0fkjkexha4be', 'member-11', 'deposit', 84733, '2025-12-04');
INSERT INTO transactions (id, association_id, type, category, amount, description, date) VALUES ('rsxav6ojun', 'assoc-bakery', 'income', 'sales', 662418, 'Daily Bread & Cake Sales', '2025-12-05');
INSERT INTO transactions (id, association_id, type, category, amount, description, date) VALUES ('a0x05yfufl', 'assoc-bakery', 'expense', 'supplies', 198898, 'Flour, Sugar, Yeast', '2025-12-05');
INSERT INTO transactions (id, association_id, type, category, amount, description, date) VALUES ('c59cfl4j6ik', 'assoc-hatchery', 'income', 'sales', 358787, 'Tray Sales (Eggs)', '2025-12-05');
INSERT INTO transactions (id, association_id, type, category, amount, description, date) VALUES ('zrcss1nohxd', 'assoc-hatchery', 'expense', 'supplies', 183507, 'Chicken Feed', '2025-12-05');
INSERT INTO savings (id, member_id, type, amount, date) VALUES ('ckqoonk13x', 'member-30', 'deposit', 25842, '2025-12-05');
INSERT INTO transactions (id, association_id, type, category, amount, description, date) VALUES ('aumniaj4i3', 'assoc-bakery', 'income', 'sales', 482159, 'Daily Bread & Cake Sales', '2025-12-06');
INSERT INTO transactions (id, association_id, type, category, amount, description, date) VALUES ('uk17wuv55v', 'assoc-hatchery', 'income', 'sales', 503610, 'Tray Sales (Eggs)', '2025-12-06');
INSERT INTO transactions (id, association_id, type, category, amount, description, date) VALUES ('vndy2e2ic2b', 'assoc-hatchery', 'expense', 'supplies', 208397, 'Chicken Feed', '2025-12-06');
INSERT INTO transactions (id, association_id, type, category, amount, description, date) VALUES ('fzv21emlj18', 'assoc-bakery', 'income', 'sales', 307541, 'Daily Bread & Cake Sales', '2025-12-07');
INSERT INTO transactions (id, association_id, type, category, amount, description, date) VALUES ('ht2gy8ct99o', 'assoc-hatchery', 'income', 'sales', 578726, 'Tray Sales (Eggs)', '2025-12-07');
INSERT INTO shares (id, member_id, amount, date) VALUES ('armi509nwb8', 'member-30', 50000, '2025-12-07');
INSERT INTO savings (id, member_id, type, amount, date) VALUES ('mys06x6ymld', 'member-30', 'deposit', 10742, '2025-12-07');
INSERT INTO transactions (id, association_id, type, category, amount, description, date) VALUES ('3zi1yob5lyv', 'assoc-bakery', 'income', 'sales', 781152, 'Daily Bread & Cake Sales', '2025-12-08');
INSERT INTO transactions (id, association_id, type, category, amount, description, date) VALUES ('6w5rkwtc5nf', 'assoc-hatchery', 'income', 'sales', 413192, 'Tray Sales (Eggs)', '2025-12-08');
INSERT INTO transactions (id, association_id, type, category, amount, description, date) VALUES ('uzep9wmv5c', 'assoc-bakery', 'income', 'sales', 502585, 'Daily Bread & Cake Sales', '2025-12-09');
INSERT INTO transactions (id, association_id, type, category, amount, description, date) VALUES ('6g2mufhbwbt', 'assoc-hatchery', 'income', 'sales', 502193, 'Tray Sales (Eggs)', '2025-12-09');
INSERT INTO shares (id, member_id, amount, date) VALUES ('u1151yifu4q', 'member-30', 50000, '2025-12-09');
INSERT INTO savings (id, member_id, type, amount, date) VALUES ('amnlnycw3mt', 'member-30', 'deposit', 65488, '2025-12-09');
INSERT INTO transactions (id, association_id, type, category, amount, description, date) VALUES ('jvk1820bal', 'assoc-bakery', 'income', 'sales', 419484, 'Daily Bread & Cake Sales', '2025-12-10');
INSERT INTO transactions (id, association_id, type, category, amount, description, date) VALUES ('0e5lvwl0h8i', 'assoc-hatchery', 'income', 'sales', 362832, 'Tray Sales (Eggs)', '2025-12-10');
INSERT INTO shares (id, member_id, amount, date) VALUES ('504h6rrktl7', 'member-26', 150000, '2025-12-10');
INSERT INTO savings (id, member_id, type, amount, date) VALUES ('aciw33av55p', 'member-26', 'deposit', 85068, '2025-12-10');
INSERT INTO transactions (id, association_id, type, category, amount, description, date) VALUES ('e0p70p774xd', 'assoc-bakery', 'income', 'sales', 750132, 'Daily Bread & Cake Sales', '2025-12-11');
INSERT INTO transactions (id, association_id, type, category, amount, description, date) VALUES ('268wc6h1pap', 'assoc-hatchery', 'income', 'sales', 395148, 'Tray Sales (Eggs)', '2025-12-11');
INSERT INTO transactions (id, association_id, type, category, amount, description, date) VALUES ('gxc68peur56', 'assoc-bakery', 'income', 'sales', 430779, 'Daily Bread & Cake Sales', '2025-12-12');
INSERT INTO transactions (id, association_id, type, category, amount, description, date) VALUES ('gl0e6faqc6', 'assoc-bakery', 'expense', 'supplies', 78388, 'Flour, Sugar, Yeast', '2025-12-12');
INSERT INTO transactions (id, association_id, type, category, amount, description, date) VALUES ('w7uw2lz26wg', 'assoc-hatchery', 'income', 'sales', 483259, 'Tray Sales (Eggs)', '2025-12-12');
INSERT INTO transactions (id, association_id, type, category, amount, description, date) VALUES ('54n7u2w1huj', 'assoc-hatchery', 'expense', 'supplies', 146722, 'Chicken Feed', '2025-12-12');
INSERT INTO savings (id, member_id, type, amount, date) VALUES ('saj143z3q9', 'member-23', 'deposit', 16524, '2025-12-12');
INSERT INTO transactions (id, association_id, type, category, amount, description, date) VALUES ('n2kozxx4on', 'assoc-bakery', 'income', 'sales', 528778, 'Daily Bread & Cake Sales', '2025-12-13');
INSERT INTO transactions (id, association_id, type, category, amount, description, date) VALUES ('iwtvth61jne', 'assoc-hatchery', 'income', 'sales', 255132, 'Tray Sales (Eggs)', '2025-12-13');
INSERT INTO savings (id, member_id, type, amount, date) VALUES ('ja57qbbq7ys', 'member-11', 'deposit', 31073, '2025-12-13');
INSERT INTO transactions (id, association_id, type, category, amount, description, date) VALUES ('z2vaoxg0lz', 'assoc-bakery', 'income', 'sales', 624596, 'Daily Bread & Cake Sales', '2025-12-14');
INSERT INTO transactions (id, association_id, type, category, amount, description, date) VALUES ('in9heku983', 'assoc-bakery', 'expense', 'supplies', 111979, 'Flour, Sugar, Yeast', '2025-12-14');
INSERT INTO transactions (id, association_id, type, category, amount, description, date) VALUES ('9pf77irqtw', 'assoc-bakery', 'income', 'sales', 512680, 'Daily Bread & Cake Sales', '2025-12-15');
INSERT INTO transactions (id, association_id, type, category, amount, description, date) VALUES ('zk2j9jnnz0i', 'assoc-bakery', 'expense', 'supplies', 153181, 'Flour, Sugar, Yeast', '2025-12-15');
INSERT INTO shares (id, member_id, amount, date) VALUES ('uj1l4jiilz', 'member-19', 50000, '2025-12-15');
INSERT INTO savings (id, member_id, type, amount, date) VALUES ('zg2g6fc5wo', 'member-19', 'deposit', 99032, '2025-12-15');
INSERT INTO transactions (id, association_id, type, category, amount, description, date) VALUES ('pcupzyp4f0a', 'assoc-bakery', 'income', 'sales', 545210, 'Daily Bread & Cake Sales', '2025-12-16');
INSERT INTO transactions (id, association_id, type, category, amount, description, date) VALUES ('419m8vw61pq', 'assoc-hatchery', 'income', 'sales', 174825, 'Tray Sales (Eggs)', '2025-12-16');
INSERT INTO savings (id, member_id, type, amount, date) VALUES ('0ijajlxl65xr', 'member-14', 'deposit', 55366, '2025-12-16');
INSERT INTO transactions (id, association_id, type, category, amount, description, date) VALUES ('h27b8iiu3i9', 'assoc-bakery', 'income', 'sales', 473055, 'Daily Bread & Cake Sales', '2025-12-17');
INSERT INTO transactions (id, association_id, type, category, amount, description, date) VALUES ('oftktvylo4q', 'assoc-hatchery', 'income', 'sales', 577948, 'Tray Sales (Eggs)', '2025-12-17');
INSERT INTO savings (id, member_id, type, amount, date) VALUES ('gos0924hdum', 'member-07', 'deposit', 37786, '2025-12-17');
INSERT INTO transactions (id, association_id, type, category, amount, description, date) VALUES ('lis97fud4om', 'assoc-bakery', 'income', 'sales', 320741, 'Daily Bread & Cake Sales', '2025-12-18');
INSERT INTO transactions (id, association_id, type, category, amount, description, date) VALUES ('m359421sibj', 'assoc-bakery', 'expense', 'supplies', 51675, 'Flour, Sugar, Yeast', '2025-12-18');
INSERT INTO transactions (id, association_id, type, category, amount, description, date) VALUES ('mtos4hyt6l', 'assoc-hatchery', 'expense', 'supplies', 187858, 'Chicken Feed', '2025-12-18');
INSERT INTO transactions (id, association_id, type, category, amount, description, date) VALUES ('m6v6v50xkal', 'assoc-bakery', 'income', 'sales', 606384, 'Daily Bread & Cake Sales', '2025-12-19');
INSERT INTO transactions (id, association_id, type, category, amount, description, date) VALUES ('cpezd3ctxy9', 'assoc-bakery', 'expense', 'supplies', 101907, 'Flour, Sugar, Yeast', '2025-12-19');
INSERT INTO transactions (id, association_id, type, category, amount, description, date) VALUES ('rzgldd81a0l', 'assoc-hatchery', 'income', 'sales', 419720, 'Tray Sales (Eggs)', '2025-12-19');
INSERT INTO shares (id, member_id, amount, date) VALUES ('uxeowf1di2n', 'member-27', 50000, '2025-12-19');
INSERT INTO savings (id, member_id, type, amount, date) VALUES ('jz21hcgtpdo', 'member-27', 'withdrawal', 32474, '2025-12-19');
INSERT INTO transactions (id, association_id, type, category, amount, description, date) VALUES ('o625yvlhjhr', 'assoc-bakery', 'income', 'sales', 452829, 'Daily Bread & Cake Sales', '2025-12-20');
INSERT INTO transactions (id, association_id, type, category, amount, description, date) VALUES ('axi56vxiwjs', 'assoc-hatchery', 'income', 'sales', 151362, 'Tray Sales (Eggs)', '2025-12-20');
INSERT INTO transactions (id, association_id, type, category, amount, description, date) VALUES ('oijd3ki1wwf', 'assoc-bakery', 'income', 'sales', 453663, 'Daily Bread & Cake Sales', '2025-12-21');
INSERT INTO transactions (id, association_id, type, category, amount, description, date) VALUES ('2ce7kfshabv', 'assoc-bakery', 'expense', 'supplies', 143794, 'Flour, Sugar, Yeast', '2025-12-21');
INSERT INTO transactions (id, association_id, type, category, amount, description, date) VALUES ('48zhxpvzgm6', 'assoc-hatchery', 'income', 'sales', 374689, 'Tray Sales (Eggs)', '2025-12-21');
INSERT INTO savings (id, member_id, type, amount, date) VALUES ('6mu45in8dtn', 'member-18', 'deposit', 58439, '2025-12-21');
INSERT INTO transactions (id, association_id, type, category, amount, description, date) VALUES ('h7zdd8tdwf', 'assoc-bakery', 'income', 'sales', 684219, 'Daily Bread & Cake Sales', '2025-12-22');
INSERT INTO transactions (id, association_id, type, category, amount, description, date) VALUES ('cgsobdvyxyc', 'assoc-hatchery', 'income', 'sales', 350566, 'Tray Sales (Eggs)', '2025-12-22');
INSERT INTO transactions (id, association_id, type, category, amount, description, date) VALUES ('o2824zjuspr', 'assoc-hatchery', 'expense', 'supplies', 251775, 'Chicken Feed', '2025-12-22');
INSERT INTO savings (id, member_id, type, amount, date) VALUES ('f8r9owm2tt9', 'member-19', 'deposit', 30642, '2025-12-22');
INSERT INTO transactions (id, association_id, type, category, amount, description, date) VALUES ('g2gcznvkli', 'assoc-bakery', 'income', 'sales', 418811, 'Daily Bread & Cake Sales', '2025-12-23');
INSERT INTO transactions (id, association_id, type, category, amount, description, date) VALUES ('2xuqbci0exg', 'assoc-hatchery', 'income', 'sales', 319628, 'Tray Sales (Eggs)', '2025-12-23');
INSERT INTO transactions (id, association_id, type, category, amount, description, date) VALUES ('3g0p2ta44lb', 'assoc-hatchery', 'expense', 'supplies', 142587, 'Chicken Feed', '2025-12-23');
INSERT INTO shares (id, member_id, amount, date) VALUES ('fip38153om5', 'member-06', 100000, '2025-12-23');
INSERT INTO transactions (id, association_id, type, category, amount, description, date) VALUES ('bdg5r3pwymw', 'assoc-bakery', 'income', 'sales', 621461, 'Daily Bread & Cake Sales', '2025-12-24');
INSERT INTO transactions (id, association_id, type, category, amount, description, date) VALUES ('4yq2z448w9', 'assoc-hatchery', 'income', 'sales', 318786, 'Tray Sales (Eggs)', '2025-12-24');
INSERT INTO shares (id, member_id, amount, date) VALUES ('pebm8ans4h', 'member-02', 150000, '2025-12-24');
INSERT INTO savings (id, member_id, type, amount, date) VALUES ('xrw271qcqkd', 'member-02', 'deposit', 48170, '2025-12-24');
INSERT INTO transactions (id, association_id, type, category, amount, description, date) VALUES ('z6u2gysdl9', 'assoc-bakery', 'income', 'sales', 207942, 'Daily Bread & Cake Sales', '2025-12-25');
INSERT INTO transactions (id, association_id, type, category, amount, description, date) VALUES ('ro658mqvx4', 'assoc-hatchery', 'income', 'sales', 573060, 'Tray Sales (Eggs)', '2025-12-25');
INSERT INTO transactions (id, association_id, type, category, amount, description, date) VALUES ('zop5ig5md1n', 'assoc-bakery', 'income', 'sales', 512113, 'Daily Bread & Cake Sales', '2025-12-26');
INSERT INTO transactions (id, association_id, type, category, amount, description, date) VALUES ('wobiy8i4voq', 'assoc-hatchery', 'income', 'sales', 352009, 'Tray Sales (Eggs)', '2025-12-26');
INSERT INTO transactions (id, association_id, type, category, amount, description, date) VALUES ('g0xmif7z8hm', 'assoc-hatchery', 'expense', 'supplies', 176499, 'Chicken Feed', '2025-12-26');
INSERT INTO transactions (id, association_id, type, category, amount, description, date) VALUES ('poutfot85mo', 'assoc-bakery', 'expense', 'supplies', 162639, 'Flour, Sugar, Yeast', '2025-12-27');
INSERT INTO shares (id, member_id, amount, date) VALUES ('zps971r9trj', 'member-20', 100000, '2025-12-27');
INSERT INTO savings (id, member_id, type, amount, date) VALUES ('m27mosx1hf8', 'member-20', 'deposit', 24491, '2025-12-27');
INSERT INTO transactions (id, association_id, type, category, amount, description, date) VALUES ('05tfm2omh4sd', 'assoc-bakery', 'income', 'sales', 464603, 'Daily Bread & Cake Sales', '2025-12-28');
INSERT INTO transactions (id, association_id, type, category, amount, description, date) VALUES ('1xk556upy95', 'assoc-hatchery', 'income', 'sales', 187285, 'Tray Sales (Eggs)', '2025-12-28');
INSERT INTO transactions (id, association_id, type, category, amount, description, date) VALUES ('rszx3x6ny1m', 'assoc-bakery', 'income', 'sales', 247401, 'Daily Bread & Cake Sales', '2025-12-29');
INSERT INTO transactions (id, association_id, type, category, amount, description, date) VALUES ('lzh9l2wsf', 'assoc-hatchery', 'income', 'sales', 474738, 'Tray Sales (Eggs)', '2025-12-29');
INSERT INTO shares (id, member_id, amount, date) VALUES ('mgso2wf1kw', 'member-16', 100000, '2025-12-29');
INSERT INTO savings (id, member_id, type, amount, date) VALUES ('q8sjfk3uspq', 'member-16', 'deposit', 77557, '2025-12-29');
INSERT INTO transactions (id, association_id, type, category, amount, description, date) VALUES ('2cxkcnrdtkj', 'assoc-hatchery', 'income', 'sales', 389727, 'Tray Sales (Eggs)', '2025-12-30');
INSERT INTO transactions (id, association_id, type, category, amount, description, date) VALUES ('ydo7uqkpif', 'assoc-hatchery', 'expense', 'supplies', 217601, 'Chicken Feed', '2025-12-30');
INSERT INTO transactions (id, association_id, type, category, amount, description, date) VALUES ('lec3vabm2t', 'assoc-bakery', 'income', 'sales', 447259, 'Daily Bread & Cake Sales', '2025-12-31');
INSERT INTO transactions (id, association_id, type, category, amount, description, date) VALUES ('64wb1k8yhzb', 'assoc-hatchery', 'income', 'sales', 402222, 'Tray Sales (Eggs)', '2025-12-31');
INSERT INTO savings (id, member_id, type, amount, date) VALUES ('hfxmthcfmim', 'member-08', 'deposit', 74035, '2025-12-31');
INSERT INTO transactions (id, association_id, type, category, amount, description, date) VALUES ('958dp0k36n', 'assoc-bakery', 'expense', 'payroll', 400000, 'Salary Payment', '2025-12-31');
INSERT INTO payroll (id, staff_id, transaction_id, amount, date) VALUES ('7si23teamz5', 'spp9vvof92', '958dp0k36n', 400000, '2025-12-31');
INSERT INTO transactions (id, association_id, type, category, amount, description, date) VALUES ('9p1og8d6trb', 'assoc-bakery', 'expense', 'payroll', 400000, 'Salary Payment', '2025-12-31');
INSERT INTO payroll (id, staff_id, transaction_id, amount, date) VALUES ('n8fcsnr758', 'sof4vyqfgl', '9p1og8d6trb', 400000, '2025-12-31');
INSERT INTO transactions (id, association_id, type, category, amount, description, date) VALUES ('61607458qkv', 'assoc-bakery', 'expense', 'payroll', 400000, 'Salary Payment', '2025-12-31');
INSERT INTO payroll (id, staff_id, transaction_id, amount, date) VALUES ('0mekuxfub2a', 'ybypl6e1u2', '61607458qkv', 400000, '2025-12-31');
INSERT INTO transactions (id, association_id, type, category, amount, description, date) VALUES ('vi7f292ei3r', 'assoc-bakery', 'expense', 'payroll', 400000, 'Salary Payment', '2025-12-31');
INSERT INTO payroll (id, staff_id, transaction_id, amount, date) VALUES ('grfz6p4vpoc', 'vvppp6peu5t', 'vi7f292ei3r', 400000, '2025-12-31');
INSERT INTO transactions (id, association_id, type, category, amount, description, date) VALUES ('j04h7srcly', 'assoc-bakery', 'expense', 'payroll', 400000, 'Salary Payment', '2025-12-31');
INSERT INTO payroll (id, staff_id, transaction_id, amount, date) VALUES ('2qym8dpjza6', 'grtujhsvtrt', 'j04h7srcly', 400000, '2025-12-31');
INSERT INTO transactions (id, association_id, type, category, amount, description, date) VALUES ('b2hlr3rkca5', 'assoc-bakery', 'expense', 'payroll', 400000, 'Salary Payment', '2025-12-31');
INSERT INTO payroll (id, staff_id, transaction_id, amount, date) VALUES ('153l6tl1pqx', 'vzz9wmngb8l', 'b2hlr3rkca5', 400000, '2025-12-31');
INSERT INTO transactions (id, association_id, type, category, amount, description, date) VALUES ('vazhv6t1fg', 'assoc-bakery', 'expense', 'payroll', 400000, 'Salary Payment', '2025-12-31');
INSERT INTO payroll (id, staff_id, transaction_id, amount, date) VALUES ('wd9wcq6mbyk', 'ooj2u97bay', 'vazhv6t1fg', 400000, '2025-12-31');
INSERT INTO transactions (id, association_id, type, category, amount, description, date) VALUES ('w63zeyfy9b', 'assoc-bakery', 'expense', 'payroll', 400000, 'Salary Payment', '2025-12-31');
INSERT INTO payroll (id, staff_id, transaction_id, amount, date) VALUES ('xobzvy9ir9', '7btnwmladnp', 'w63zeyfy9b', 400000, '2025-12-31');
INSERT INTO transactions (id, association_id, type, category, amount, description, date) VALUES ('u1pujuocbcc', 'assoc-bakery', 'expense', 'payroll', 400000, 'Salary Payment', '2025-12-31');
INSERT INTO payroll (id, staff_id, transaction_id, amount, date) VALUES ('cpe0gcq9ru', 'cvm70mz0cys', 'u1pujuocbcc', 400000, '2025-12-31');
INSERT INTO transactions (id, association_id, type, category, amount, description, date) VALUES ('f1q1mqdobvr', 'assoc-bakery', 'expense', 'payroll', 400000, 'Salary Payment', '2025-12-31');
INSERT INTO payroll (id, staff_id, transaction_id, amount, date) VALUES ('f5625q4vx6u', '8g7d1cposkm', 'f1q1mqdobvr', 400000, '2025-12-31');
INSERT INTO transactions (id, association_id, type, category, amount, description, date) VALUES ('8864kdbsmxf', 'assoc-hatchery', 'expense', 'payroll', 350000, 'Salary Payment', '2025-12-31');
INSERT INTO payroll (id, staff_id, transaction_id, amount, date) VALUES ('yprwk9ml5la', '7yxd84lqjmc', '8864kdbsmxf', 350000, '2025-12-31');
INSERT INTO transactions (id, association_id, type, category, amount, description, date) VALUES ('96f5humvra8', 'assoc-hatchery', 'expense', 'payroll', 350000, 'Salary Payment', '2025-12-31');
INSERT INTO payroll (id, staff_id, transaction_id, amount, date) VALUES ('wcu5jfqggls', 'o7xxw9456go', '96f5humvra8', 350000, '2025-12-31');
INSERT INTO transactions (id, association_id, type, category, amount, description, date) VALUES ('ch32n2fdgwn', 'assoc-hatchery', 'expense', 'payroll', 350000, 'Salary Payment', '2025-12-31');
INSERT INTO payroll (id, staff_id, transaction_id, amount, date) VALUES ('ex7em54hvna', 'rii8nnf1l1n', 'ch32n2fdgwn', 350000, '2025-12-31');
INSERT INTO transactions (id, association_id, type, category, amount, description, date) VALUES ('b9t79ge92ia', 'assoc-hatchery', 'expense', 'payroll', 350000, 'Salary Payment', '2025-12-31');
INSERT INTO payroll (id, staff_id, transaction_id, amount, date) VALUES ('85x91bks97n', 'rvgot5trkn', 'b9t79ge92ia', 350000, '2025-12-31');
INSERT INTO transactions (id, association_id, type, category, amount, description, date) VALUES ('wa1fwdcferb', 'assoc-hatchery', 'expense', 'payroll', 350000, 'Salary Payment', '2025-12-31');
INSERT INTO payroll (id, staff_id, transaction_id, amount, date) VALUES ('k35ab2yqqb', 'e2q4lun5zw6', 'wa1fwdcferb', 350000, '2025-12-31');
INSERT INTO transactions (id, association_id, type, category, amount, description, date) VALUES ('oe1q80cv1lh', 'assoc-hatchery', 'expense', 'payroll', 350000, 'Salary Payment', '2025-12-31');
INSERT INTO payroll (id, staff_id, transaction_id, amount, date) VALUES ('5pxp14a18n', 'o1okiezgz7', 'oe1q80cv1lh', 350000, '2025-12-31');
INSERT INTO transactions (id, association_id, type, category, amount, description, date) VALUES ('98rb5md1neh', 'assoc-hatchery', 'expense', 'payroll', 350000, 'Salary Payment', '2025-12-31');
INSERT INTO payroll (id, staff_id, transaction_id, amount, date) VALUES ('6p8tafd2j0a', 'g0ipwytxwk7', '98rb5md1neh', 350000, '2025-12-31');
INSERT INTO transactions (id, association_id, type, category, amount, description, date) VALUES ('6orre5mtlr', 'assoc-hatchery', 'expense', 'payroll', 350000, 'Salary Payment', '2025-12-31');
INSERT INTO payroll (id, staff_id, transaction_id, amount, date) VALUES ('36oyv9jlwyt', 'v0fd6ku07no', '6orre5mtlr', 350000, '2025-12-31');
INSERT INTO transactions (id, association_id, type, category, amount, description, date) VALUES ('i7psf8w6ne', 'assoc-hatchery', 'expense', 'payroll', 350000, 'Salary Payment', '2025-12-31');
INSERT INTO payroll (id, staff_id, transaction_id, amount, date) VALUES ('xzm1vaoa50n', 'l90lrcnxzq', 'i7psf8w6ne', 350000, '2025-12-31');
INSERT INTO transactions (id, association_id, type, category, amount, description, date) VALUES ('3zorpty0xs9', 'assoc-hatchery', 'expense', 'payroll', 350000, 'Salary Payment', '2025-12-31');
INSERT INTO payroll (id, staff_id, transaction_id, amount, date) VALUES ('drrzsv4ttf', 'wi0go32hk7', '3zorpty0xs9', 350000, '2025-12-31');
INSERT INTO loans (id, member_id, principal, interest_rate, duration_months, issued_date, status) VALUES ('ylc7ys14xh', 'member-16', 2745322, 10.0, 6, '2025-08-15', 'active');
INSERT INTO loan_payments (id, loan_id, amount, date) VALUES ('fk2h25d66u4', 'ylc7ys14xh', 274532, '2025-09-15');
INSERT INTO loan_payments (id, loan_id, amount, date) VALUES ('biqiw906ccq', 'ylc7ys14xh', 274532, '2025-10-15');
INSERT INTO loan_payments (id, loan_id, amount, date) VALUES ('dipeb0ahu2b', 'ylc7ys14xh', 274532, '2025-11-15');
INSERT INTO loans (id, member_id, principal, interest_rate, duration_months, issued_date, status) VALUES ('30vhl1ocf9q', 'member-09', 4494915, 10.0, 6, '2025-08-15', 'active');
INSERT INTO loan_payments (id, loan_id, amount, date) VALUES ('fqk938rsvz6', '30vhl1ocf9q', 449492, '2025-09-15');
INSERT INTO loan_payments (id, loan_id, amount, date) VALUES ('eabp64z2yiq', '30vhl1ocf9q', 449492, '2025-10-15');
INSERT INTO loan_payments (id, loan_id, amount, date) VALUES ('wx4fwjckofm', '30vhl1ocf9q', 449492, '2025-11-15');
INSERT INTO loans (id, member_id, principal, interest_rate, duration_months, issued_date, status) VALUES ('48vawkjbgdc', 'member-22', 1659963, 10.0, 6, '2025-08-15', 'active');
INSERT INTO loan_payments (id, loan_id, amount, date) VALUES ('f9omrapn7vj', '48vawkjbgdc', 165996, '2025-09-15');
INSERT INTO loan_payments (id, loan_id, amount, date) VALUES ('2dhw8oa3zu', '48vawkjbgdc', 165996, '2025-10-15');
INSERT INTO loan_payments (id, loan_id, amount, date) VALUES ('2i7f54pmi2f', '48vawkjbgdc', 165996, '2025-11-15');
INSERT INTO loans (id, member_id, principal, interest_rate, duration_months, issued_date, status) VALUES ('lced2tsc1p9', 'member-29', 3350078, 10.0, 6, '2025-08-15', 'active');
INSERT INTO loan_payments (id, loan_id, amount, date) VALUES ('xrrgpc67i6j', 'lced2tsc1p9', 335008, '2025-09-15');
INSERT INTO loan_payments (id, loan_id, amount, date) VALUES ('ua4i06i0ib', 'lced2tsc1p9', 335008, '2025-10-15');
INSERT INTO loan_payments (id, loan_id, amount, date) VALUES ('dprzf98v1pp', 'lced2tsc1p9', 335008, '2025-11-15');
INSERT INTO loans (id, member_id, principal, interest_rate, duration_months, issued_date, status) VALUES ('zahscfdov6', 'member-22', 3682637, 10.0, 6, '2025-08-15', 'active');
INSERT INTO loan_payments (id, loan_id, amount, date) VALUES ('1wwqedbccog', 'zahscfdov6', 368264, '2025-09-15');
INSERT INTO loan_payments (id, loan_id, amount, date) VALUES ('e6pe9j8uub5', 'zahscfdov6', 368264, '2025-10-15');
INSERT INTO loan_payments (id, loan_id, amount, date) VALUES ('6lydhamo25d', 'zahscfdov6', 368264, '2025-11-15');